Run,ReleaseDate,LoadDate,spots,bases,spots_with_mates,avgLength,size_MB,AssemblyName,download_path,Experiment,LibraryName,LibraryStrategy,LibrarySelection,LibrarySource,LibraryLayout,InsertSize,InsertDev,Platform,Model,SRAStudy,BioProject,Study_Pubmed_id,ProjectID,Sample,BioSample,SampleType,TaxID,ScientificName,SampleName,g1k_pop_code,source,g1k_analysis_group,Subject_ID,Sex,Disease,Tumor,Affection_Status,Analyte_Type,Histological_Type,Body_Site,CenterName,Submission,dbgap_study_accession,Consent,RunHash,ReadHash
SRR30832997,2024-09-29 22:13:43,2024-09-29 22:10:19,4630731,398242866,0,86,160,,https://sra-downloadb.be-md.ncbi.nlm.nih.gov/sos6/sra-pub-zq-40/SRR030/30832/SRR30832997/SRR30832997.lite.1,SRX26232392,100_WT_3_Unmated_wMel2a,RNA-Seq,PolyA,TRANSCRIPTOMIC,SINGLE,0,0,ILLUMINA,NextSeq 500,SRP535620,PRJNA1166928,,1166928,SRS22773919,SAMN43980289,simple,7227,Drosophila melanogaster,100_WT_3_Unmated_wMel2a,,,,,female,,no,,,,,CORNELL UNIVERSITY,SRA1981850,,public,8F18B4A84F62E998C987682850BAAB09,82F1781A32B8937D71FACAB3C48046D2
SRR30833007,2024-09-29 22:13:42,2024-09-29 22:11:34,12164882,1046179852,0,86,401,,https://sra-downloadb.be-md.ncbi.nlm.nih.gov/sos6/sra-pub-zq-40/SRR030/30833/SRR30833007/SRR30833007.lite.1,SRX26232382,10_bam_hypomorph_6_Mated_wMel3,RNA-Seq,PolyA,TRANSCRIPTOMIC,SINGLE,0,0,ILLUMINA,NextSeq 500,SRP535620,PRJNA1166928,,1166928,SRS22773908,SAMN43980199,simple,7227,Drosophila melanogaster,10_bam_hypomorph_6_Mated_wMel3,,,,,female,,no,,,,,CORNELL UNIVERSITY,SRA1981850,,public,2712569B1C707D703DD90614988FFA5A,32943DCAC7BBE1AE808B6FEE42CC6893
SRR30833056,2024-09-29 22:13:40,2024-09-29 22:11:41,10970659,943476674,0,86,368,,https://sra-downloadb.be-md.ncbi.nlm.nih.gov/sos6/sra-pub-zq-40/SRR030/30833/SRR30833056/SRR30833056.lite.1,SRX26232333,46_WT_6_Mated_None,RNA-Seq,PolyA,TRANSCRIPTOMIC,SINGLE,0,0,ILLUMINA,NextSeq 500,SRP535620,PRJNA1166928,,1166928,SRS22773859,SAMN43980235,simple,7227,Drosophila melanogaster,46_WT_6_Mated_None,,,,,female,,no,,,,,CORNELL UNIVERSITY,SRA1981850,,public,BD0341EF08F5B85EE4F2DBE24D71B6AC,E8423E3CE6CEC35B8C63F77B8B5CF631
SRR30833055,2024-09-29 22:13:40,2024-09-29 22:11:39,3772576,324441536,0,86,126,,https://sra-downloadb.be-md.ncbi.nlm.nih.gov/sos6/sra-pub-zq-40/SRR030/30833/SRR30833055/SRR30833055.lite.1,SRX26232334,47_WT_6_Mated_None,RNA-Seq,PolyA,TRANSCRIPTOMIC,SINGLE,0,0,ILLUMINA,NextSeq 500,SRP535620,PRJNA1166928,,1166928,SRS22773860,SAMN43980236,simple,7227,Drosophila melanogaster,47_WT_6_Mated_None,,,,,female,,no,,,,,CORNELL UNIVERSITY,SRA1981850,,public,1406468547CDEBAF165C4B04674806B9,9677751013C88048CC6B360922874BA2
SRR30833054,2024-09-29 22:13:41,2024-09-29 22:11:54,4739373,407586078,0,86,158,,https://sra-downloadb.be-md.ncbi.nlm.nih.gov/sos6/sra-pub-zq-40/SRR030/30833/SRR30833054/SRR30833054.lite.1,SRX26232335,48_WT_6_Mated_None,RNA-Seq,PolyA,TRANSCRIPTOMIC,SINGLE,0,0,ILLUMINA,NextSeq 500,SRP535620,PRJNA1166928,,1166928,SRS22773861,SAMN43980237,simple,7227,Drosophila melanogaster,48_WT_6_Mated_None,,,,,female,,no,,,,,CORNELL UNIVERSITY,SRA1981850,,public,BACC7C33B7F01C1BF3CBECD4263C8F83,CB61BD34F779AC8BEE6E9A2F7E9E0AC0
SRR30833053,2024-09-29 22:13:43,2024-09-29 22:12:05,6236394,536329884,0,86,207,,https://sra-downloadb.be-md.ncbi.nlm.nih.gov/sos6/sra-pub-zq-40/SRR030/30833/SRR30833053/SRR30833053.lite.1,SRX26232336,49_bam_hypomorph_3_Unmated_None,RNA-Seq,PolyA,TRANSCRIPTOMIC,SINGLE,0,0,ILLUMINA,NextSeq 500,SRP535620,PRJNA1166928,,1166928,SRS22773862,SAMN43980238,simple,7227,Drosophila melanogaster,49_bam_hypomorph_3_Unmated_None,,,,,female,,no,,,,,CORNELL UNIVERSITY,SRA1981850,,public,424314315D399D2D965A2F2DF16616E5,392B90DE9811B9B0541725FE780B0290
SRR30833052,2024-09-29 22:15:28,2024-09-29 22:12:20,5904944,507825184,0,86,197,,https://sra-downloadb.be-md.ncbi.nlm.nih.gov/sos6/sra-pub-zq-40/SRR030/30833/SRR30833052/SRR30833052.lite.1,SRX26232337,50_bam_hypomorph_3_Unmated_None,RNA-Seq,PolyA,TRANSCRIPTOMIC,SINGLE,0,0,ILLUMINA,NextSeq 500,SRP535620,PRJNA1166928,,1166928,SRS22773863,SAMN43980239,simple,7227,Drosophila melanogaster,50_bam_hypomorph_3_Unmated_None,,,,,female,,no,,,,,CORNELL UNIVERSITY,SRA1981850,,public,1B7D7817E06355CC47546093E2C2D184,3A0EC6CF7D7E0D94CA55BCDD04A6AF51
SRR30833050,2024-09-29 22:13:39,2024-09-29 22:11:17,6138263,527890618,0,86,205,,https://sra-downloadb.be-md.ncbi.nlm.nih.gov/sos6/sra-pub-zq-40/SRR030/30833/SRR30833050/SRR30833050.lite.1,SRX26232339,51_bam_hypomorph_3_Unmated_None,RNA-Seq,PolyA,TRANSCRIPTOMIC,SINGLE,0,0,ILLUMINA,NextSeq 500,SRP535620,PRJNA1166928,,1166928,SRS22773865,SAMN43980240,simple,7227,Drosophila melanogaster,51_bam_hypomorph_3_Unmated_None,,,,,female,,no,,,,,CORNELL UNIVERSITY,SRA1981850,,public,FF6F02BEB77768473D9E714D4763E875,99A83BB5108AA00F212048B27449AA22
SRR30833049,2024-09-29 22:13:41,2024-09-29 22:11:41,7419942,638115012,0,86,248,,https://sra-downloadb.be-md.ncbi.nlm.nih.gov/sos6/sra-pub-zq-40/SRR030/30833/SRR30833049/SRR30833049.lite.1,SRX26232340,52_bam_hypomorph_3_Unmated_None,RNA-Seq,PolyA,TRANSCRIPTOMIC,SINGLE,0,0,ILLUMINA,NextSeq 500,SRP535620,PRJNA1166928,,1166928,SRS22773866,SAMN43980241,simple,7227,Drosophila melanogaster,52_bam_hypomorph_3_Unmated_None,,,,,female,,no,,,,,CORNELL UNIVERSITY,SRA1981850,,public,7466FFF823A8A5F2BF73FD1DDBE3E1E7,157734EE8BC91708F973F87B34C94833
SRR30833048,2024-09-29 22:13:38,2024-09-29 22:11:06,142093,12219998,0,86,5,,https://sra-downloadb.be-md.ncbi.nlm.nih.gov/sos6/sra-pub-zq-40/SRR030/30833/SRR30833048/SRR30833048.lite.1,SRX26232341,53_bam_hypomorph_3_Mated_None,RNA-Seq,PolyA,TRANSCRIPTOMIC,SINGLE,0,0,ILLUMINA,NextSeq 500,SRP535620,PRJNA1166928,,1166928,SRS22773867,SAMN43980242,simple,7227,Drosophila melanogaster,53_bam_hypomorph_3_Mated_None,,,,,female,,no,,,,,CORNELL UNIVERSITY,SRA1981850,,public,1EDF3B103C18BFBE7B5E16E4E8FB1B4E,A1EC4BF0E05B53BCF597FFD6C574859A
SRR30833047,2024-09-29 22:13:39,2024-09-29 22:11:12,7484909,643702174,0,86,254,,https://sra-downloadb.be-md.ncbi.nlm.nih.gov/sos6/sra-pub-zq-40/SRR030/30833/SRR30833047/SRR30833047.lite.1,SRX26232342,54_bam_hypomorph_3_Mated_None,RNA-Seq,PolyA,TRANSCRIPTOMIC,SINGLE,0,0,ILLUMINA,NextSeq 500,SRP535620,PRJNA1166928,,1166928,SRS22773868,SAMN43980243,simple,7227,Drosophila melanogaster,54_bam_hypomorph_3_Mated_None,,,,,female,,no,,,,,CORNELL UNIVERSITY,SRA1981850,,public,9D49EB2012164D0CBB2F48CE139C8694,773F2728D54F009D898D3419C01C8098
SRR30833046,2024-09-29 22:13:39,2024-09-29 22:11:18,6431499,553108914,0,86,214,,https://sra-downloadb.be-md.ncbi.nlm.nih.gov/sos6/sra-pub-zq-40/SRR030/30833/SRR30833046/SRR30833046.lite.1,SRX26232343,55_bam_hypomorph_3_Mated_None,RNA-Seq,PolyA,TRANSCRIPTOMIC,SINGLE,0,0,ILLUMINA,NextSeq 500,SRP535620,PRJNA1166928,,1166928,SRS22773869,SAMN43980244,simple,7227,Drosophila melanogaster,55_bam_hypomorph_3_Mated_None,,,,,female,,no,,,,,CORNELL UNIVERSITY,SRA1981850,,public,2FA6882517641384C210E01B5D0176C7,8F4D6E10B2925204A69616B256DB80CE
SRR30833045,2024-09-29 22:13:40,2024-09-29 22:11:38,6986233,600816038,0,86,233,,https://sra-downloadb.be-md.ncbi.nlm.nih.gov/sos6/sra-pub-zq-40/SRR030/30833/SRR30833045/SRR30833045.lite.1,SRX26232344,56_bam_hypomorph_3_Mated_None,RNA-Seq,PolyA,TRANSCRIPTOMIC,SINGLE,0,0,ILLUMINA,NextSeq 500,SRP535620,PRJNA1166928,,1166928,SRS22773870,SAMN43980245,simple,7227,Drosophila melanogaster,56_bam_hypomorph_3_Mated_None,,,,,female,,no,,,,,CORNELL UNIVERSITY,SRA1981850,,public,8EF0E3903B707F531CDE5672A2438B98,F5FD79444697BF61FEF5CEBBF9D7E7CB
SRR30833044,2024-09-29 22:13:40,2024-09-29 22:11:40,7309192,628590512,0,86,244,,https://sra-downloadb.be-md.ncbi.nlm.nih.gov/sos6/sra-pub-zq-40/SRR030/30833/SRR30833044/SRR30833044.lite.1,SRX26232345,57_bam_hypomorph_6_Mated_None,RNA-Seq,PolyA,TRANSCRIPTOMIC,SINGLE,0,0,ILLUMINA,NextSeq 500,SRP535620,PRJNA1166928,,1166928,SRS22773871,SAMN43980246,simple,7227,Drosophila melanogaster,57_bam_hypomorph_6_Mated_None,,,,,female,,no,,,,,CORNELL UNIVERSITY,SRA1981850,,public,B6192AE0C2F692EF943C6E3346396AA4,3C83D0BD84A4F84B7C4A1FADA1B7C150
SRR30833043,2024-09-29 22:13:41,2024-09-29 22:11:50,5122491,440534226,0,86,171,,https://sra-downloadb.be-md.ncbi.nlm.nih.gov/sos6/sra-pub-zq-40/SRR030/30833/SRR30833043/SRR30833043.lite.1,SRX26232346,58_bam_hypomorph_6_Mated_None,RNA-Seq,PolyA,TRANSCRIPTOMIC,SINGLE,0,0,ILLUMINA,NextSeq 500,SRP535620,PRJNA1166928,,1166928,SRS22773872,SAMN43980247,simple,7227,Drosophila melanogaster,58_bam_hypomorph_6_Mated_None,,,,,female,,no,,,,,CORNELL UNIVERSITY,SRA1981850,,public,F7C38F28CA5D43EF5914BB68F8EDC868,36A2C292CAB442DACEFBFEE1C461B991
SRR30833042,2024-09-29 22:13:37,2024-09-29 22:10:57,5515569,474338934,0,86,189,,https://sra-downloadb.be-md.ncbi.nlm.nih.gov/sos6/sra-pub-zq-40/SRR030/30833/SRR30833042/SRR30833042.lite.1,SRX26232347,59_bam_hypomorph_6_Mated_None,RNA-Seq,PolyA,TRANSCRIPTOMIC,SINGLE,0,0,ILLUMINA,NextSeq 500,SRP535620,PRJNA1166928,,1166928,SRS22773873,SAMN43980248,simple,7227,Drosophila melanogaster,59_bam_hypomorph_6_Mated_None,,,,,female,,no,,,,,CORNELL UNIVERSITY,SRA1981850,,public,A6D785D00755B682A42A4B89C36D520D,3300E3724DB95ECCFC8EB6B4802CAB19
SRR30833041,2024-09-29 22:13:39,2024-09-29 22:11:25,5293543,455244698,0,86,177,,https://sra-downloadb.be-md.ncbi.nlm.nih.gov/sos6/sra-pub-zq-40/SRR030/30833/SRR30833041/SRR30833041.lite.1,SRX26232348,60_bam_hypomorph_6_Mated_None,RNA-Seq,PolyA,TRANSCRIPTOMIC,SINGLE,0,0,ILLUMINA,NextSeq 500,SRP535620,PRJNA1166928,,1166928,SRS22773874,SAMN43980249,simple,7227,Drosophila melanogaster,60_bam_hypomorph_6_Mated_None,,,,,female,,no,,,,,CORNELL UNIVERSITY,SRA1981850,,public,89CC99414316F6763D5B9E32B1147DAA,C27218C5E2D444CA2B7C5E8238D20706
SRR30833039,2024-09-29 22:13:38,2024-09-29 22:11:11,7899666,679371276,0,86,272,,https://sra-downloadb.be-md.ncbi.nlm.nih.gov/sos6/sra-pub-zq-40/SRR030/30833/SRR30833039/SRR30833039.lite.1,SRX26232350,61_bam_hypomorph_3_Unmated_wMelcs2b,RNA-Seq,PolyA,TRANSCRIPTOMIC,SINGLE,0,0,ILLUMINA,NextSeq 500,SRP535620,PRJNA1166928,,1166928,SRS22773876,SAMN43980250,simple,7227,Drosophila melanogaster,61_bam_hypomorph_3_Unmated_wMelcs2b,,,,,female,,no,,,,,CORNELL UNIVERSITY,SRA1981850,,public,9B1EA8DF1246BB7573EC1BFF6187F83A,8D07E0B334FE567E80D85B0E24BB2C23
SRR30833038,2024-09-29 22:13:39,2024-09-29 22:11:03,6785521,583554806,0,86,233,,https://sra-downloadb.be-md.ncbi.nlm.nih.gov/sos6/sra-pub-zq-40/SRR030/30833/SRR30833038/SRR30833038.lite.1,SRX26232351,62_bam_hypomorph_3_Unmated_wMelcs2b,RNA-Seq,PolyA,TRANSCRIPTOMIC,SINGLE,0,0,ILLUMINA,NextSeq 500,SRP535620,PRJNA1166928,,1166928,SRS22773877,SAMN43980251,simple,7227,Drosophila melanogaster,62_bam_hypomorph_3_Unmated_wMelcs2b,,,,,female,,no,,,,,CORNELL UNIVERSITY,SRA1981850,,public,9B9F1723ED378746362EFA6A8857DD75,0E094D09832FC463E67881DED556EA5A
SRR30833037,2024-09-29 22:13:39,2024-09-29 22:11:27,5708619,490941234,0,86,197,,https://sra-downloadb.be-md.ncbi.nlm.nih.gov/sos6/sra-pub-zq-40/SRR030/30833/SRR30833037/SRR30833037.lite.1,SRX26232352,63_bam_hypomorph_3_Unmated_wMelcs2b,RNA-Seq,PolyA,TRANSCRIPTOMIC,SINGLE,0,0,ILLUMINA,NextSeq 500,SRP535620,PRJNA1166928,,1166928,SRS22773878,SAMN43980252,simple,7227,Drosophila melanogaster,63_bam_hypomorph_3_Unmated_wMelcs2b,,,,,female,,no,,,,,CORNELL UNIVERSITY,SRA1981850,,public,1496C313718AD9AFEA0B4DFBF947A4D2,C2D19E41F6488FACA62CDF8FB22EF8F1
SRR30833036,2024-09-29 22:13:41,2024-09-29 22:11:45,6909261,594196446,0,86,236,,https://sra-downloadb.be-md.ncbi.nlm.nih.gov/sos6/sra-pub-zq-40/SRR030/30833/SRR30833036/SRR30833036.lite.1,SRX26232353,64bam_hypomorph_3_Unmated_wMelcs2b,RNA-Seq,PolyA,TRANSCRIPTOMIC,SINGLE,0,0,ILLUMINA,NextSeq 500,SRP535620,PRJNA1166928,,1166928,SRS22773879,SAMN43980253,simple,7227,Drosophila melanogaster,64bam_hypomorph_3_Unmated_wMelcs2b,,,,,female,,no,,,,,CORNELL UNIVERSITY,SRA1981850,,public,64ECF7A0AB5DE3CB7445EE18B4FF45C2,C6958C32AB7037C16FB66D214B7E878D
SRR30833035,2024-09-29 22:13:40,2024-09-29 22:11:43,7187130,618093180,0,86,247,,https://sra-downloadb.be-md.ncbi.nlm.nih.gov/sos6/sra-pub-zq-40/SRR030/30833/SRR30833035/SRR30833035.lite.1,SRX26232354,65_bam_hypomorph_3_Mated_wMelcs2b,RNA-Seq,PolyA,TRANSCRIPTOMIC,SINGLE,0,0,ILLUMINA,NextSeq 500,SRP535620,PRJNA1166928,,1166928,SRS22773880,SAMN43980254,simple,7227,Drosophila melanogaster,65_bam_hypomorph_3_Mated_wMelcs2b,,,,,female,,no,,,,,CORNELL UNIVERSITY,SRA1981850,,public,D2F1E28B9F3480DEB20AFDACAEDBBEDD,993B28A98F045BB79CDA8D004A1B87F3
SRR30833034,2024-09-29 22:13:38,2024-09-29 22:11:23,11822511,1016735946,0,86,408,,https://sra-downloadb.be-md.ncbi.nlm.nih.gov/sos6/sra-pub-zq-40/SRR030/30833/SRR30833034/SRR30833034.lite.1,SRX26232355,66_bam_hypomorph_3_Mated_wMelcs2b,RNA-Seq,PolyA,TRANSCRIPTOMIC,SINGLE,0,0,ILLUMINA,NextSeq 500,SRP535620,PRJNA1166928,,1166928,SRS22773882,SAMN43980255,simple,7227,Drosophila melanogaster,66_bam_hypomorph_3_Mated_wMelcs2b,,,,,female,,no,,,,,CORNELL UNIVERSITY,SRA1981850,,public,ECFF319DFB38B26BC1423A532D11D56C,8842AEF80FF576A6A4B2748BC66AA305
SRR30833033,2024-09-29 22:13:38,2024-09-29 22:11:02,6650821,571970606,0,86,232,,https://sra-downloadb.be-md.ncbi.nlm.nih.gov/sos6/sra-pub-zq-40/SRR030/30833/SRR30833033/SRR30833033.lite.1,SRX26232356,67_bam_hypomorph_3_Mated_wMelcs2b,RNA-Seq,PolyA,TRANSCRIPTOMIC,SINGLE,0,0,ILLUMINA,NextSeq 500,SRP535620,PRJNA1166928,,1166928,SRS22773881,SAMN43980256,simple,7227,Drosophila melanogaster,67_bam_hypomorph_3_Mated_wMelcs2b,,,,,female,,no,,,,,CORNELL UNIVERSITY,SRA1981850,,public,0445CCD8864ADDE8734F76C30BBDC37A,F114AF50D8EC7AFBF74219E49E15E3F4
SRR30833032,2024-09-29 22:13:40,2024-09-29 22:11:38,7651340,658015240,0,86,264,,https://sra-downloadb.be-md.ncbi.nlm.nih.gov/sos6/sra-pub-zq-40/SRR030/30833/SRR30833032/SRR30833032.lite.1,SRX26232357,68_bam_hypomorph_3_Mated_wMelcs2b,RNA-Seq,PolyA,TRANSCRIPTOMIC,SINGLE,0,0,ILLUMINA,NextSeq 500,SRP535620,PRJNA1166928,,1166928,SRS22773883,SAMN43980257,simple,7227,Drosophila melanogaster,68_bam_hypomorph_3_Mated_wMelcs2b,,,,,female,,no,,,,,CORNELL UNIVERSITY,SRA1981850,,public,9094A962328E6842079D6A1F0A7E535C,B38056A789975415F0A111090AFA2F1B
SRR30833031,2024-09-29 22:15:28,2024-09-29 22:12:19,7028441,604445926,0,86,242,,https://sra-downloadb.be-md.ncbi.nlm.nih.gov/sos6/sra-pub-zq-40/SRR030/30833/SRR30833031/SRR30833031.lite.1,SRX26232358,69_bam_hypomorph_6_Mated_wMelcs2b,RNA-Seq,PolyA,TRANSCRIPTOMIC,SINGLE,0,0,ILLUMINA,NextSeq 500,SRP535620,PRJNA1166928,,1166928,SRS22773884,SAMN43980258,simple,7227,Drosophila melanogaster,69_bam_hypomorph_6_Mated_wMelcs2b,,,,,female,,no,,,,,CORNELL UNIVERSITY,SRA1981850,,public,1B8B9CE7DB44C1D84FCB13542B5807F8,35DE8316EDDE712698A42CD323F71FB2
SRR30833051,2024-09-29 22:15:28,2024-09-29 22:12:57,11707827,1006873122,0,86,393,,https://sra-downloadb.be-md.ncbi.nlm.nih.gov/sos6/sra-pub-zq-40/SRR030/30833/SRR30833051/SRR30833051.lite.1,SRX26232338,6_bam_hypomorph_3_Mated_wMel3,RNA-Seq,PolyA,TRANSCRIPTOMIC,SINGLE,0,0,ILLUMINA,NextSeq 500,SRP535620,PRJNA1166928,,1166928,SRS22773864,SAMN43980195,simple,7227,Drosophila melanogaster,6_bam_hypomorph_3_Mated_wMel3,,,,,female,,no,,,,,CORNELL UNIVERSITY,SRA1981850,,public,75F3F412DF4812991B818D7DD8A13F33,E144393FDE89C0AADFAAAE6EC8163DEA
SRR30833030,2024-09-29 22:13:44,2024-09-29 22:12:13,7445930,640349980,0,86,256,,https://sra-downloadb.be-md.ncbi.nlm.nih.gov/sos6/sra-pub-zq-40/SRR030/30833/SRR30833030/SRR30833030.lite.1,SRX26232359,70_bam_hypomorph_6_Mated_wMelcs2b,RNA-Seq,PolyA,TRANSCRIPTOMIC,SINGLE,0,0,ILLUMINA,NextSeq 500,SRP535620,PRJNA1166928,,1166928,SRS22773885,SAMN43980259,simple,7227,Drosophila melanogaster,70_bam_hypomorph_6_Mated_wMelcs2b,,,,,female,,no,,,,,CORNELL UNIVERSITY,SRA1981850,,public,51EDC0C3D10535A18F56A26E8197FAD3,B6A93CBAF81387080AB30C7B2DF82751
SRR30833028,2024-09-29 22:13:40,2024-09-29 22:11:38,6794991,584369226,0,86,233,,https://sra-downloadb.be-md.ncbi.nlm.nih.gov/sos6/sra-pub-zq-40/SRR030/30833/SRR30833028/SRR30833028.lite.1,SRX26232361,71_bam_hypomorph_6_Mated_wMelcs2b,RNA-Seq,PolyA,TRANSCRIPTOMIC,SINGLE,0,0,ILLUMINA,NextSeq 500,SRP535620,PRJNA1166928,,1166928,SRS22773886,SAMN43980260,simple,7227,Drosophila melanogaster,71_bam_hypomorph_6_Mated_wMelcs2b,,,,,female,,no,,,,,CORNELL UNIVERSITY,SRA1981850,,public,49199200B42C89F740E800A2CCBB4942,1036A6045A7ED961BCFF4E75ADA161AF
SRR30833027,2024-09-29 22:13:40,2024-09-29 22:11:37,6366535,547522010,0,86,218,,https://sra-downloadb.be-md.ncbi.nlm.nih.gov/sos6/sra-pub-zq-40/SRR030/30833/SRR30833027/SRR30833027.lite.1,SRX26232362,72_bam_hypomorph_6_Mated_wMelcs2b,RNA-Seq,PolyA,TRANSCRIPTOMIC,SINGLE,0,0,ILLUMINA,NextSeq 500,SRP535620,PRJNA1166928,,1166928,SRS22773888,SAMN43980261,simple,7227,Drosophila melanogaster,72_bam_hypomorph_6_Mated_wMelcs2b,,,,,female,,no,,,,,CORNELL UNIVERSITY,SRA1981850,,public,73A097D5CDFA97B75E40793A36E8F292,62B1439955AF1BE3AA0B977984AB0DBE
SRR30833026,2024-09-29 22:13:43,2024-09-29 22:11:45,12264206,1054721716,0,86,423,,https://sra-downloadb.be-md.ncbi.nlm.nih.gov/sos6/sra-pub-zq-40/SRR030/30833/SRR30833026/SRR30833026.lite.1,SRX26232363,73_WT_3_Unmated_wMel3,RNA-Seq,PolyA,TRANSCRIPTOMIC,SINGLE,0,0,ILLUMINA,NextSeq 500,SRP535620,PRJNA1166928,,1166928,SRS22773889,SAMN43980262,simple,7227,Drosophila melanogaster,73_WT_3_Unmated_wMel3,,,,,female,,no,,,,,CORNELL UNIVERSITY,SRA1981850,,public,98BAFFC6CDE1850DAB23F665D56D4A93,9AB819BEFDB10681B815AE41A44871FC
SRR30833025,2024-09-29 22:15:28,2024-09-29 22:13:02,12097108,1040351288,0,86,415,,https://sra-downloadb.be-md.ncbi.nlm.nih.gov/sos6/sra-pub-zq-40/SRR030/30833/SRR30833025/SRR30833025.lite.1,SRX26232364,74_WT_3_Unmated_wMel3,RNA-Seq,PolyA,TRANSCRIPTOMIC,SINGLE,0,0,ILLUMINA,NextSeq 500,SRP535620,PRJNA1166928,,1166928,SRS22773890,SAMN43980263,simple,7227,Drosophila melanogaster,74_WT_3_Unmated_wMel3,,,,,female,,no,,,,,CORNELL UNIVERSITY,SRA1981850,,public,FAC455006AEFD6DCD24D15D61144AA3E,6184FB1474D598C2552A22AB7FC7F452
SRR30833024,2024-09-29 22:13:39,2024-09-29 22:11:12,5959930,512553980,0,86,206,,https://sra-downloadb.be-md.ncbi.nlm.nih.gov/sos6/sra-pub-zq-40/SRR030/30833/SRR30833024/SRR30833024.lite.1,SRX26232365,75_WT_3_Unmated_wMel3,RNA-Seq,PolyA,TRANSCRIPTOMIC,SINGLE,0,0,ILLUMINA,NextSeq 500,SRP535620,PRJNA1166928,,1166928,SRS22773891,SAMN43980264,simple,7227,Drosophila melanogaster,75_WT_3_Unmated_wMel3,,,,,female,,no,,,,,CORNELL UNIVERSITY,SRA1981850,,public,7E4ECB6E30CE8FDFA3DF2C86EABAD75E,FC69AEBBEB4D711DB23C4005B9DE8FB3
SRR30833023,2024-09-29 22:15:29,2024-09-29 22:12:21,7812443,671870098,0,86,268,,https://sra-downloadb.be-md.ncbi.nlm.nih.gov/sos6/sra-pub-zq-40/SRR030/30833/SRR30833023/SRR30833023.lite.1,SRX26232366,76_WT_3_Unmated_wMel3,RNA-Seq,PolyA,TRANSCRIPTOMIC,SINGLE,0,0,ILLUMINA,NextSeq 500,SRP535620,PRJNA1166928,,1166928,SRS22773892,SAMN43980265,simple,7227,Drosophila melanogaster,76_WT_3_Unmated_wMel3,,,,,female,,no,,,,,CORNELL UNIVERSITY,SRA1981850,,public,6E81315E320E0EC4DF8F1959193A520E,C1C897084CB65042C4E4D3EDDA4C7BFA
SRR30833022,2024-09-29 22:13:39,2024-09-29 22:10:56,552387,47505282,0,86,19,,https://sra-downloadb.be-md.ncbi.nlm.nih.gov/sos6/sra-pub-zq-40/SRR030/30833/SRR30833022/SRR30833022.lite.1,SRX26232367,77_WT_3_Mated_wMel3,RNA-Seq,PolyA,TRANSCRIPTOMIC,SINGLE,0,0,ILLUMINA,NextSeq 500,SRP535620,PRJNA1166928,,1166928,SRS22773893,SAMN43980266,simple,7227,Drosophila melanogaster,77_WT_3_Mated_wMel3,,,,,female,,no,,,,,CORNELL UNIVERSITY,SRA1981850,,public,1118A9071A896C960B8941A02E514A27,76D25760935F88937D6959AB1509D6AB
SRR30833021,2024-09-29 22:13:44,2024-09-29 22:12:13,6821409,586641174,0,86,235,,https://sra-downloadb.be-md.ncbi.nlm.nih.gov/sos6/sra-pub-zq-40/SRR030/30833/SRR30833021/SRR30833021.lite.1,SRX26232368,78_WT_3_Mated_wMel3,RNA-Seq,PolyA,TRANSCRIPTOMIC,SINGLE,0,0,ILLUMINA,NextSeq 500,SRP535620,PRJNA1166928,,1166928,SRS22773894,SAMN43980267,simple,7227,Drosophila melanogaster,78_WT_3_Mated_wMel3,,,,,female,,no,,,,,CORNELL UNIVERSITY,SRA1981850,,public,F1992C283A30C52C2A8DA182B5F1404E,511B6E393D5F187CA990F2C00391A60C
SRR30833020,2024-09-29 22:13:41,2024-09-29 22:11:44,7277779,625888994,0,86,251,,https://sra-downloadb.be-md.ncbi.nlm.nih.gov/sos6/sra-pub-zq-40/SRR030/30833/SRR30833020/SRR30833020.lite.1,SRX26232369,79_WT_3_Mated_wMel3,RNA-Seq,PolyA,TRANSCRIPTOMIC,SINGLE,0,0,ILLUMINA,NextSeq 500,SRP535620,PRJNA1166928,,1166928,SRS22773895,SAMN43980268,simple,7227,Drosophila melanogaster,79_WT_3_Mated_wMel3,,,,,female,,no,,,,,CORNELL UNIVERSITY,SRA1981850,,public,9A2DCBDAA1CB956C7E602C5AD916399D,F3205EF451FACF3F9EF4CB551993FBD1
SRR30833040,2024-09-29 22:13:39,2024-09-29 22:11:26,10075432,866487152,0,86,332,,https://sra-downloadb.be-md.ncbi.nlm.nih.gov/sos6/sra-pub-zq-40/SRR030/30833/SRR30833040/SRR30833040.lite.1,SRX26232349,7_bam_hypomorph_3_Mated_wMel3,RNA-Seq,PolyA,TRANSCRIPTOMIC,SINGLE,0,0,ILLUMINA,NextSeq 500,SRP535620,PRJNA1166928,,1166928,SRS22773875,SAMN43980196,simple,7227,Drosophila melanogaster,7_bam_hypomorph_3_Mated_wMel3,,,,,female,,no,,,,,CORNELL UNIVERSITY,SRA1981850,,public,5E7B7F0B1803468C2761EB392043B9AF,363352A94BA6713F107795889B12F8B4
SRR30833019,2024-09-29 22:46:42,2024-09-29 22:11:33,6395638,550024868,0,86,221,,https://sra-downloadb.be-md.ncbi.nlm.nih.gov/sos6/sra-pub-zq-40/SRR030/30833/SRR30833019/SRR30833019.lite.1,SRX26232370,80_WT_3_Mated_wMel3,RNA-Seq,PolyA,TRANSCRIPTOMIC,SINGLE,0,0,ILLUMINA,NextSeq 500,SRP535620,PRJNA1166928,,1166928,SRS22773896,SAMN43980269,simple,7227,Drosophila melanogaster,80_WT_3_Mated_wMel3,,,,,female,,no,,,,,CORNELL UNIVERSITY,SRA1981850,,public,AF73B9984638BA88574BE79FE06B0234,EC4D98F94C910B9E55E21405C0A0D33F
SRR30833017,2024-09-29 22:13:41,2024-09-29 22:11:30,6456664,555273104,0,86,221,,https://sra-downloadb.be-md.ncbi.nlm.nih.gov/sos6/sra-pub-zq-40/SRR030/30833/SRR30833017/SRR30833017.lite.1,SRX26232372,81_WT_6_Mated_wMel3,RNA-Seq,PolyA,TRANSCRIPTOMIC,SINGLE,0,0,ILLUMINA,NextSeq 500,SRP535620,PRJNA1166928,,1166928,SRS22773898,SAMN43980270,simple,7227,Drosophila melanogaster,81_WT_6_Mated_wMel3,,,,,female,,no,,,,,CORNELL UNIVERSITY,SRA1981850,,public,C5EA764EDD236EF74F7CE265A7E181F8,1ADD92E2B4DFCA9F82089A5DCC3A5994
SRR30833016,2024-09-29 22:13:41,2024-09-29 22:11:27,8720050,749924300,0,86,298,,https://sra-downloadb.be-md.ncbi.nlm.nih.gov/sos6/sra-pub-zq-40/SRR030/30833/SRR30833016/SRR30833016.lite.1,SRX26232373,82_WT_6_Mated_wMel3,RNA-Seq,PolyA,TRANSCRIPTOMIC,SINGLE,0,0,ILLUMINA,NextSeq 500,SRP535620,PRJNA1166928,,1166928,SRS22773899,SAMN43980271,simple,7227,Drosophila melanogaster,82_WT_6_Mated_wMel3,,,,,female,,no,,,,,CORNELL UNIVERSITY,SRA1981850,,public,73D19BA5BED50687ED2F5BB8A85E081A,E7178D6BB41991D9C387F968D5BD8242
SRR30833015,2024-09-29 22:13:41,2024-09-29 22:11:31,5447732,468504952,0,86,187,,https://sra-downloadb.be-md.ncbi.nlm.nih.gov/sos6/sra-pub-zq-40/SRR030/30833/SRR30833015/SRR30833015.lite.1,SRX26232374,83_WT_6_Mated_wMel3,RNA-Seq,PolyA,TRANSCRIPTOMIC,SINGLE,0,0,ILLUMINA,NextSeq 500,SRP535620,PRJNA1166928,,1166928,SRS22773900,SAMN43980272,simple,7227,Drosophila melanogaster,83_WT_6_Mated_wMel3,,,,,female,,no,,,,,CORNELL UNIVERSITY,SRA1981850,,public,2E2D9D794608F541B99A37BFD0BBED64,55CC8842E14E3DE466FD570709A2354B
SRR30833014,2024-09-29 22:13:41,2024-09-29 22:11:34,6109968,525457248,0,86,211,,https://sra-downloadb.be-md.ncbi.nlm.nih.gov/sos6/sra-pub-zq-40/SRR030/30833/SRR30833014/SRR30833014.lite.1,SRX26232375,84_WT_6_Mated_wMel3,RNA-Seq,PolyA,TRANSCRIPTOMIC,SINGLE,0,0,ILLUMINA,NextSeq 500,SRP535620,PRJNA1166928,,1166928,SRS22773901,SAMN43980273,simple,7227,Drosophila melanogaster,84_WT_6_Mated_wMel3,,,,,female,,no,,,,,CORNELL UNIVERSITY,SRA1981850,,public,F482B8BD3F609B24F1F5F75C1B49C1DD,85B8790DD73C29E3A43751B20FAC1C33
SRR30833013,2024-09-29 22:13:42,2024-09-29 22:11:21,7274792,625632112,0,86,251,,https://sra-downloadb.be-md.ncbi.nlm.nih.gov/sos6/sra-pub-zq-40/SRR030/30833/SRR30833013/SRR30833013.lite.1,SRX26232376,85_WT_3_Unmated_wMelcs2a,RNA-Seq,PolyA,TRANSCRIPTOMIC,SINGLE,0,0,ILLUMINA,NextSeq 500,SRP535620,PRJNA1166928,,1166928,SRS22773902,SAMN43980274,simple,7227,Drosophila melanogaster,85_WT_3_Unmated_wMelcs2a,,,,,female,,no,,,,,CORNELL UNIVERSITY,SRA1981850,,public,84E05D6FCA0DBDF89DBAE911458DCBF6,280CD03A3BC144129378CD6D0C3CC9DE
SRR30833012,2024-09-29 22:13:42,2024-09-29 22:10:52,4339966,373237076,0,86,149,,https://sra-downloadb.be-md.ncbi.nlm.nih.gov/sos6/sra-pub-zq-40/SRR030/30833/SRR30833012/SRR30833012.lite.1,SRX26232377,86_WT_3_Unmated_wMelcs2a,RNA-Seq,PolyA,TRANSCRIPTOMIC,SINGLE,0,0,ILLUMINA,NextSeq 500,SRP535620,PRJNA1166928,,1166928,SRS22773903,SAMN43980275,simple,7227,Drosophila melanogaster,86_WT_3_Unmated_wMelcs2a,,,,,female,,no,,,,,CORNELL UNIVERSITY,SRA1981850,,public,CF116E9D387518BBB959A89FF852640D,D2C89B7ABB95177E1CF21C3F8F5521E6
SRR30833011,2024-09-29 22:13:42,2024-09-29 22:11:10,6728352,578638272,0,86,232,,https://sra-downloadb.be-md.ncbi.nlm.nih.gov/sos6/sra-pub-zq-40/SRR030/30833/SRR30833011/SRR30833011.lite.1,SRX26232378,87_WT_3_Unmated_wMelcs2a,RNA-Seq,PolyA,TRANSCRIPTOMIC,SINGLE,0,0,ILLUMINA,NextSeq 500,SRP535620,PRJNA1166928,,1166928,SRS22773904,SAMN43980276,simple,7227,Drosophila melanogaster,87_WT_3_Unmated_wMelcs2a,,,,,female,,no,,,,,CORNELL UNIVERSITY,SRA1981850,,public,04138C00F99BBD802B18E1A12A0CEC6E,113E3CA6B7F16D6E0B6546F93869D9C6
SRR30833010,2024-09-29 22:13:42,2024-09-29 22:11:13,6201509,533329774,0,86,213,,https://sra-downloadb.be-md.ncbi.nlm.nih.gov/sos6/sra-pub-zq-40/SRR030/30833/SRR30833010/SRR30833010.lite.1,SRX26232379,88_WT_3_Unmated_wMelcs2a,RNA-Seq,PolyA,TRANSCRIPTOMIC,SINGLE,0,0,ILLUMINA,NextSeq 500,SRP535620,PRJNA1166928,,1166928,SRS22773905,SAMN43980277,simple,7227,Drosophila melanogaster,88_WT_3_Unmated_wMelcs2a,,,,,female,,no,,,,,CORNELL UNIVERSITY,SRA1981850,,public,5618D850C6F20EA44A6023014EE3DB7D,6FDC6D404392CE9BB45E733A76FBDD6E
SRR30833009,2024-09-29 22:13:42,2024-09-29 22:11:18,6945504,597313344,0,86,239,,https://sra-downloadb.be-md.ncbi.nlm.nih.gov/sos6/sra-pub-zq-40/SRR030/30833/SRR30833009/SRR30833009.lite.1,SRX26232380,89_WT_3_Mated_wMelcs2a,RNA-Seq,PolyA,TRANSCRIPTOMIC,SINGLE,0,0,ILLUMINA,NextSeq 500,SRP535620,PRJNA1166928,,1166928,SRS22773906,SAMN43980278,simple,7227,Drosophila melanogaster,89_WT_3_Mated_wMelcs2a,,,,,female,,no,,,,,CORNELL UNIVERSITY,SRA1981850,,public,F5E2ECAC12146D608F6F84E712335234,8FFAAE204D24B1C9E33197CE1F5134CD
SRR30833029,2024-09-29 22:15:28,2024-09-29 22:12:25,9060933,779240238,0,86,299,,https://sra-downloadb.be-md.ncbi.nlm.nih.gov/sos6/sra-pub-zq-40/SRR030/30833/SRR30833029/SRR30833029.lite.1,SRX26232360,8_bam_hypomorph_3_Mated_wMel3,RNA-Seq,PolyA,TRANSCRIPTOMIC,SINGLE,0,0,ILLUMINA,NextSeq 500,SRP535620,PRJNA1166928,,1166928,SRS22773887,SAMN43980197,simple,7227,Drosophila melanogaster,8_bam_hypomorph_3_Mated_wMel3,,,,,female,,no,,,,,CORNELL UNIVERSITY,SRA1981850,,public,3670F1D6E039294A33C92A1086BE64AE,3A9DF819325F89413BB977CFF7374519
SRR30833008,2024-09-29 22:13:42,2024-09-29 22:10:59,5787605,497734030,0,86,198,,https://sra-downloadb.be-md.ncbi.nlm.nih.gov/sos6/sra-pub-zq-40/SRR030/30833/SRR30833008/SRR30833008.lite.1,SRX26232381,90_WT_3_Mated_wMelcs2a,RNA-Seq,PolyA,TRANSCRIPTOMIC,SINGLE,0,0,ILLUMINA,NextSeq 500,SRP535620,PRJNA1166928,,1166928,SRS22773907,SAMN43980279,simple,7227,Drosophila melanogaster,90_WT_3_Mated_wMelcs2a,,,,,female,,no,,,,,CORNELL UNIVERSITY,SRA1981850,,public,041A76CE4DA8AA448F5A7A48FEB4BC8E,E14CB3A9CCF8B0AF63270E75933B35AB
SRR30833006,2024-09-29 22:13:42,2024-09-29 22:11:07,5347925,459921550,0,86,183,,https://sra-downloadb.be-md.ncbi.nlm.nih.gov/sos6/sra-pub-zq-40/SRR030/30833/SRR30833006/SRR30833006.lite.1,SRX26232383,91_WT_3_Mated_wMelcs2a,RNA-Seq,PolyA,TRANSCRIPTOMIC,SINGLE,0,0,ILLUMINA,NextSeq 500,SRP535620,PRJNA1166928,,1166928,SRS22773909,SAMN43980280,simple,7227,Drosophila melanogaster,91_WT_3_Mated_wMelcs2a,,,,,female,,no,,,,,CORNELL UNIVERSITY,SRA1981850,,public,09B04E0A3241DC81CFB0FFBC0D052649,7E7B594D3EE937D859B2CB2B7054CD3B
SRR30833005,2024-09-29 22:13:42,2024-09-29 22:11:32,6830339,587409154,0,86,235,,https://sra-downloadb.be-md.ncbi.nlm.nih.gov/sos6/sra-pub-zq-40/SRR030/30833/SRR30833005/SRR30833005.lite.1,SRX26232384,92_WT_3_Mated_wMelcs2a,RNA-Seq,PolyA,TRANSCRIPTOMIC,SINGLE,0,0,ILLUMINA,NextSeq 500,SRP535620,PRJNA1166928,,1166928,SRS22773910,SAMN43980281,simple,7227,Drosophila melanogaster,92_WT_3_Mated_wMelcs2a,,,,,female,,no,,,,,CORNELL UNIVERSITY,SRA1981850,,public,673881EA08558A6FD16D9A4C75E83B89,3415B6C0B700CDDD6BFA84BCF2C13E9E
SRR30833004,2024-09-29 22:13:42,2024-09-29 22:10:58,6919334,595062724,0,86,238,,https://sra-downloadb.be-md.ncbi.nlm.nih.gov/sos6/sra-pub-zq-40/SRR030/30833/SRR30833004/SRR30833004.lite.1,SRX26232385,93_WT_6_Mated_wMelcs2a,RNA-Seq,PolyA,TRANSCRIPTOMIC,SINGLE,0,0,ILLUMINA,NextSeq 500,SRP535620,PRJNA1166928,,1166928,SRS22773911,SAMN43980282,simple,7227,Drosophila melanogaster,93_WT_6_Mated_wMelcs2a,,,,,female,,no,,,,,CORNELL UNIVERSITY,SRA1981850,,public,5649C6BAAF1D9AE7FF60105252CC0109,24E53FF9CAEFDC95DEBA424C082B19F3
SRR30833003,2024-09-29 22:13:43,2024-09-29 22:11:30,6363137,547229782,0,86,219,,https://sra-downloadb.be-md.ncbi.nlm.nih.gov/sos6/sra-pub-zq-40/SRR030/30833/SRR30833003/SRR30833003.lite.1,SRX26232386,94_WT_6_Mated_wMelcs2a,RNA-Seq,PolyA,TRANSCRIPTOMIC,SINGLE,0,0,ILLUMINA,NextSeq 500,SRP535620,PRJNA1166928,,1166928,SRS22773912,SAMN43980283,simple,7227,Drosophila melanogaster,94_WT_6_Mated_wMelcs2a,,,,,female,,no,,,,,CORNELL UNIVERSITY,SRA1981850,,public,6AD22413EA475E350AF3CFC70F145282,F7C91F2A5E883D04689A0D8444D1AB5E
SRR30833002,2024-09-29 22:13:43,2024-09-29 22:10:51,7763568,667666848,0,86,267,,https://sra-downloadb.be-md.ncbi.nlm.nih.gov/sos6/sra-pub-zq-40/SRR030/30833/SRR30833002/SRR30833002.lite.1,SRX26232387,95_WT_6_Mated_wMelcs2a,RNA-Seq,PolyA,TRANSCRIPTOMIC,SINGLE,0,0,ILLUMINA,NextSeq 500,SRP535620,PRJNA1166928,,1166928,SRS22773913,SAMN43980284,simple,7227,Drosophila melanogaster,95_WT_6_Mated_wMelcs2a,,,,,female,,no,,,,,CORNELL UNIVERSITY,SRA1981850,,public,A86D5D7A0393DEA4AC4337215DDA4AFE,818B1F60C23EBB495508F93A4E99FCD2
SRR30833001,2024-09-29 22:13:42,2024-09-29 22:11:27,7172468,616832248,0,86,246,,https://sra-downloadb.be-md.ncbi.nlm.nih.gov/sos6/sra-pub-zq-40/SRR030/30833/SRR30833001/SRR30833001.lite.1,SRX26232388,96_WT_6_Mated_wMelcs2a,RNA-Seq,PolyA,TRANSCRIPTOMIC,SINGLE,0,0,ILLUMINA,NextSeq 500,SRP535620,PRJNA1166928,,1166928,SRS22773914,SAMN43980285,simple,7227,Drosophila melanogaster,96_WT_6_Mated_wMelcs2a,,,,,female,,no,,,,,CORNELL UNIVERSITY,SRA1981850,,public,FA805CD59A80601DFEC2853219AEF022,B123A182E271EF81917D34F48405DCB5
SRR30833000,2024-09-29 22:13:43,2024-09-29 22:11:01,6470099,556428514,0,86,222,,https://sra-downloadb.be-md.ncbi.nlm.nih.gov/sos6/sra-pub-zq-40/SRR030/30833/SRR30833000/SRR30833000.lite.1,SRX26232389,97_WT_3_Unmated_wMel2a,RNA-Seq,PolyA,TRANSCRIPTOMIC,SINGLE,0,0,ILLUMINA,NextSeq 500,SRP535620,PRJNA1166928,,1166928,SRS22773915,SAMN43980286,simple,7227,Drosophila melanogaster,97_WT_3_Unmated_wMel2a,,,,,female,,no,,,,,CORNELL UNIVERSITY,SRA1981850,,public,0699B7F44099545D3D9D0931EB83E372,5D892EDA07777D58427E1DAF84FFF4EE
SRR30832999,2024-09-29 22:13:43,2024-09-29 22:10:21,4348287,373952682,0,86,149,,https://sra-downloadb.be-md.ncbi.nlm.nih.gov/sos6/sra-pub-zq-40/SRR030/30832/SRR30832999/SRR30832999.lite.1,SRX26232390,98_WT_3_Unmated_wMel2a,RNA-Seq,PolyA,TRANSCRIPTOMIC,SINGLE,0,0,ILLUMINA,NextSeq 500,SRP535620,PRJNA1166928,,1166928,SRS22773916,SAMN43980287,simple,7227,Drosophila melanogaster,98_WT_3_Unmated_wMel2a,,,,,female,,no,,,,,CORNELL UNIVERSITY,SRA1981850,,public,CD4C0BC1078C7E907BDC3401FF226C29,4F1B5F2338EB5476618065D40F0AA8F2
SRR30832998,2024-09-29 22:13:43,2024-09-29 22:10:36,2841925,244405550,0,86,98,,https://sra-downloadb.be-md.ncbi.nlm.nih.gov/sos6/sra-pub-zq-40/SRR030/30832/SRR30832998/SRR30832998.lite.1,SRX26232391,99_WT_3_Unmated_wMel2a,RNA-Seq,PolyA,TRANSCRIPTOMIC,SINGLE,0,0,ILLUMINA,NextSeq 500,SRP535620,PRJNA1166928,,1166928,SRS22773917,SAMN43980288,simple,7227,Drosophila melanogaster,99_WT_3_Unmated_wMel2a,,,,,female,,no,,,,,CORNELL UNIVERSITY,SRA1981850,,public,EA8026140A2F828F1C3290CE3F855BC3,D65E712529EB6095FFBF0B41F7F0BDE2
SRR30833018,2024-09-29 22:46:42,2024-09-29 22:12:04,11513170,990132620,0,86,382,,https://sra-downloadb.be-md.ncbi.nlm.nih.gov/sos6/sra-pub-zq-40/SRR030/30833/SRR30833018/SRR30833018.lite.1,SRX26232371,9_bam_hypomorph_6_Mated_wMel3,RNA-Seq,PolyA,TRANSCRIPTOMIC,SINGLE,0,0,ILLUMINA,NextSeq 500,SRP535620,PRJNA1166928,,1166928,SRS22773897,SAMN43980198,simple,7227,Drosophila melanogaster,9_bam_hypomorph_6_Mated_wMel3,,,,,female,,no,,,,,CORNELL UNIVERSITY,SRA1981850,,public,36630AF1E2DE7E97333B72FFC98A1C1C,ADFCEC5966E2C86042E15DF66BE644A9
SRR30833096,2024-09-29 22:13:40,2024-09-29 22:11:38,5212924,448311464,0,86,179,,https://sra-downloadb.be-md.ncbi.nlm.nih.gov/sos6/sra-pub-zq-40/SRR030/30833/SRR30833096/SRR30833096.lite.1,SRX26232293,116_WT_6_Mated_wMelcs2b,RNA-Seq,PolyA,TRANSCRIPTOMIC,SINGLE,0,0,ILLUMINA,NextSeq 500,SRP535620,PRJNA1166928,,1166928,SRS22773819,SAMN43980305,simple,7227,Drosophila melanogaster,116_WT_6_Mated_wMelcs2b,,,,,female,,no,,,,,CORNELL UNIVERSITY,SRA1981850,,public,65331E09A5443289F5CAE0F4E1C1A35D,7F29ADE59D33FB954B99D6FDDC295F07
SRR30833095,2024-09-29 22:13:38,2024-09-29 22:11:15,6688780,575235080,0,86,230,,https://sra-downloadb.be-md.ncbi.nlm.nih.gov/sos6/sra-pub-zq-40/SRR030/30833/SRR30833095/SRR30833095.lite.1,SRX26232294,117_WT_6_Mated_wMelcs2b,RNA-Seq,PolyA,TRANSCRIPTOMIC,SINGLE,0,0,ILLUMINA,NextSeq 500,SRP535620,PRJNA1166928,,1166928,SRS22773820,SAMN43980306,simple,7227,Drosophila melanogaster,117_WT_6_Mated_wMelcs2b,,,,,female,,no,,,,,CORNELL UNIVERSITY,SRA1981850,,public,5F2FFDFAC628B85120D171C46D87FB5A,7F22AEF31D4A961B36802943DDBE1B7B
SRR30833094,2024-09-29 22:13:38,2024-09-29 22:11:20,7186443,618034098,0,86,253,,https://sra-downloadb.be-md.ncbi.nlm.nih.gov/sos6/sra-pub-zq-40/SRR030/30833/SRR30833094/SRR30833094.lite.1,SRX26232295,118_WT_6_Mated_wMelcs2b,RNA-Seq,PolyA,TRANSCRIPTOMIC,SINGLE,0,0,ILLUMINA,NextSeq 500,SRP535620,PRJNA1166928,,1166928,SRS22773821,SAMN43980307,simple,7227,Drosophila melanogaster,118_WT_6_Mated_wMelcs2b,,,,,female,,no,,,,,CORNELL UNIVERSITY,SRA1981850,,public,03D0AFA075D31B1162AFCE54BAE17AEB,79CD072EAA4862DBA56303B9FB15BD64
SRR30833093,2024-09-29 22:13:37,2024-09-29 22:11:25,6473455,556717130,0,86,224,,https://sra-downloadb.be-md.ncbi.nlm.nih.gov/sos6/sra-pub-zq-40/SRR030/30833/SRR30833093/SRR30833093.lite.1,SRX26232296,119_WT_6_Mated_wMelcs2b,RNA-Seq,PolyA,TRANSCRIPTOMIC,SINGLE,0,0,ILLUMINA,NextSeq 500,SRP535620,PRJNA1166928,,1166928,SRS22773822,SAMN43980308,simple,7227,Drosophila melanogaster,119_WT_6_Mated_wMelcs2b,,,,,female,,no,,,,,CORNELL UNIVERSITY,SRA1981850,,public,65C810910B79FD4DF804CFC76C5E95E6,B6B72C65DE838281E82B3C04C37C7B76
SRR30833092,2024-09-29 22:13:37,2024-09-29 22:11:25,7021980,603890280,0,86,232,,https://sra-downloadb.be-md.ncbi.nlm.nih.gov/sos6/sra-pub-zq-40/SRR030/30833/SRR30833092/SRR30833092.lite.1,SRX26232297,13_bam_hypomorph_3_Unmated_wMelcs2a,RNA-Seq,PolyA,TRANSCRIPTOMIC,SINGLE,0,0,ILLUMINA,NextSeq 500,SRP535620,PRJNA1166928,,1166928,SRS22773823,SAMN43980202,simple,7227,Drosophila melanogaster,13_bam_hypomorph_3_Unmated_wMelcs2a,,,,,female,,no,,,,,CORNELL UNIVERSITY,SRA1981850,,public,513B6CA66B917BA9715FC5D8E8B0E20A,90D574D22BDDAA6E21733D53A9AA97B1
SRR30833091,2024-09-29 22:13:38,2024-09-29 22:10:55,1914336,164632896,0,86,64,,https://sra-downloadb.be-md.ncbi.nlm.nih.gov/sos6/sra-pub-zq-40/SRR030/30833/SRR30833091/SRR30833091.lite.1,SRX26232298,14_bam_hypomorph_3_Unmated_wMelcs2a,RNA-Seq,PolyA,TRANSCRIPTOMIC,SINGLE,0,0,ILLUMINA,NextSeq 500,SRP535620,PRJNA1166928,,1166928,SRS22773824,SAMN43980203,simple,7227,Drosophila melanogaster,14_bam_hypomorph_3_Unmated_wMelcs2a,,,,,female,,no,,,,,CORNELL UNIVERSITY,SRA1981850,,public,68307A808E99B9D278C115DDC759395D,0A3C929CACB47B529559FB5F6C2687ED
SRR30833090,2024-09-29 22:13:41,2024-09-29 22:11:46,6818858,586421788,0,86,227,,https://sra-downloadb.be-md.ncbi.nlm.nih.gov/sos6/sra-pub-zq-40/SRR030/30833/SRR30833090/SRR30833090.lite.1,SRX26232299,15_bam_hypomorph_3_Unmated_wMelcs2a,RNA-Seq,PolyA,TRANSCRIPTOMIC,SINGLE,0,0,ILLUMINA,NextSeq 500,SRP535620,PRJNA1166928,,1166928,SRS22773825,SAMN43980204,simple,7227,Drosophila melanogaster,15_bam_hypomorph_3_Unmated_wMelcs2a,,,,,female,,no,,,,,CORNELL UNIVERSITY,SRA1981850,,public,F01FE42B3C5B5EC9E5CC81B03E5F0682,33B34A187A4195470E781B6B8E5217CF
SRR30833089,2024-09-29 22:13:39,2024-09-29 22:11:34,5424102,466472772,0,86,180,,https://sra-downloadb.be-md.ncbi.nlm.nih.gov/sos6/sra-pub-zq-40/SRR030/30833/SRR30833089/SRR30833089.lite.1,SRX26232300,16_bam_hypomorph_3_Unmated_wMelcs2a,RNA-Seq,PolyA,TRANSCRIPTOMIC,SINGLE,0,0,ILLUMINA,NextSeq 500,SRP535620,PRJNA1166928,,1166928,SRS22773826,SAMN43980205,simple,7227,Drosophila melanogaster,16_bam_hypomorph_3_Unmated_wMelcs2a,,,,,female,,no,,,,,CORNELL UNIVERSITY,SRA1981850,,public,88B87ACD5BE1C9F44AB2E0E51A02DE94,808DCE736F5F714266AD70EC3D20C23A
SRR30833088,2024-09-29 22:13:42,2024-09-29 22:12:01,5395558,464017988,0,86,180,,https://sra-downloadb.be-md.ncbi.nlm.nih.gov/sos6/sra-pub-zq-40/SRR030/30833/SRR30833088/SRR30833088.lite.1,SRX26232301,17_bam_hypomorph_3_Mated_wMelcs2a,RNA-Seq,PolyA,TRANSCRIPTOMIC,SINGLE,0,0,ILLUMINA,NextSeq 500,SRP535620,PRJNA1166928,,1166928,SRS22773827,SAMN43980206,simple,7227,Drosophila melanogaster,17_bam_hypomorph_3_Mated_wMelcs2a,,,,,female,,no,,,,,CORNELL UNIVERSITY,SRA1981850,,public,0CDDCC6ED247CC44786C810E4E542488,13B29FBCDF0380E711128B287CE45B2A
SRR30833087,2024-09-29 22:13:40,2024-09-29 22:11:40,5045044,433873784,0,86,167,,https://sra-downloadb.be-md.ncbi.nlm.nih.gov/sos6/sra-pub-zq-40/SRR030/30833/SRR30833087/SRR30833087.lite.1,SRX26232302,18_bam_hypomorph_3_Mated_wMelcs2a,RNA-Seq,PolyA,TRANSCRIPTOMIC,SINGLE,0,0,ILLUMINA,NextSeq 500,SRP535620,PRJNA1166928,,1166928,SRS22773828,SAMN43980207,simple,7227,Drosophila melanogaster,18_bam_hypomorph_3_Mated_wMelcs2a,,,,,female,,no,,,,,CORNELL UNIVERSITY,SRA1981850,,public,091699F05E148B2972A157F2CF1E7A90,A495A86989BF09EFAB7C175B76261E05
SRR30833086,2024-09-29 22:15:28,2024-09-29 22:12:39,7351911,632264346,0,86,241,,https://sra-downloadb.be-md.ncbi.nlm.nih.gov/sos6/sra-pub-zq-40/SRR030/30833/SRR30833086/SRR30833086.lite.1,SRX26232303,19_bam_hypomorph_3_Mated_wMelcs2a,RNA-Seq,PolyA,TRANSCRIPTOMIC,SINGLE,0,0,ILLUMINA,NextSeq 500,SRP535620,PRJNA1166928,,1166928,SRS22773829,SAMN43980208,simple,7227,Drosophila melanogaster,19_bam_hypomorph_3_Mated_wMelcs2a,,,,,female,,no,,,,,CORNELL UNIVERSITY,SRA1981850,,public,15EFBF64E9F2169AF759CBF46D07049B,34432939AC9E96489ACE79B185DCEFA5
SRR30833085,2024-09-29 22:13:44,2024-09-29 22:12:15,7119621,612287406,0,86,235,,https://sra-downloadb.be-md.ncbi.nlm.nih.gov/sos6/sra-pub-zq-40/SRR030/30833/SRR30833085/SRR30833085.lite.1,SRX26232304,20_bam_hypomorph_3_Mated_wMelcs2a,RNA-Seq,PolyA,TRANSCRIPTOMIC,SINGLE,0,0,ILLUMINA,NextSeq 500,SRP535620,PRJNA1166928,,1166928,SRS22773830,SAMN43980209,simple,7227,Drosophila melanogaster,20_bam_hypomorph_3_Mated_wMelcs2a,,,,,female,,no,,,,,CORNELL UNIVERSITY,SRA1981850,,public,6E216601558047723BC1628B3B31D072,9FDB679D772CB60B18B55C5B43E54F3A
SRR30833083,2024-09-29 22:13:38,2024-09-29 22:11:07,6281474,540206764,0,86,208,,https://sra-downloadb.be-md.ncbi.nlm.nih.gov/sos6/sra-pub-zq-40/SRR030/30833/SRR30833083/SRR30833083.lite.1,SRX26232306,21_bam_hypomorph_6_Mated_wMelcs2a,RNA-Seq,PolyA,TRANSCRIPTOMIC,SINGLE,0,0,ILLUMINA,NextSeq 500,SRP535620,PRJNA1166928,,1166928,SRS22773832,SAMN43980210,simple,7227,Drosophila melanogaster,21_bam_hypomorph_6_Mated_wMelcs2a,,,,,female,,no,,,,,CORNELL UNIVERSITY,SRA1981850,,public,2082891D39301315EB476EC25E4B4253,EBEF8C8A0F7E73E8FEE95B656717DC86
SRR30833082,2024-09-29 22:13:43,2024-09-29 22:12:11,6819828,586505208,0,86,225,,https://sra-downloadb.be-md.ncbi.nlm.nih.gov/sos6/sra-pub-zq-40/SRR030/30833/SRR30833082/SRR30833082.lite.1,SRX26232307,22_bam_hypomorph_6_Mated_wMelcs2a,RNA-Seq,PolyA,TRANSCRIPTOMIC,SINGLE,0,0,ILLUMINA,NextSeq 500,SRP535620,PRJNA1166928,,1166928,SRS22773833,SAMN43980211,simple,7227,Drosophila melanogaster,22_bam_hypomorph_6_Mated_wMelcs2a,,,,,female,,no,,,,,CORNELL UNIVERSITY,SRA1981850,,public,D3AC2F2D7278CFFEA9E1C291897C5BC3,0904D13F83AC1E0937151AB8FFD02259
SRR30833081,2024-09-29 22:13:43,2024-09-29 22:12:12,6640513,571084118,0,86,219,,https://sra-downloadb.be-md.ncbi.nlm.nih.gov/sos6/sra-pub-zq-40/SRR030/30833/SRR30833081/SRR30833081.lite.1,SRX26232308,23_bam_hypomorph_6_Mated_wMelcs2a,RNA-Seq,PolyA,TRANSCRIPTOMIC,SINGLE,0,0,ILLUMINA,NextSeq 500,SRP535620,PRJNA1166928,,1166928,SRS22773834,SAMN43980212,simple,7227,Drosophila melanogaster,23_bam_hypomorph_6_Mated_wMelcs2a,,,,,female,,no,,,,,CORNELL UNIVERSITY,SRA1981850,,public,BB5E8088CCA85C08669E72106BF4DA0A,661C91C250887A7812D588A591F2DFB7
SRR30833080,2024-09-29 22:13:43,2024-09-29 22:11:55,7488045,643971870,0,86,248,,https://sra-downloadb.be-md.ncbi.nlm.nih.gov/sos6/sra-pub-zq-40/SRR030/30833/SRR30833080/SRR30833080.lite.1,SRX26232309,24_bam_hypomorph_6_Mated_wMelcs2a,RNA-Seq,PolyA,TRANSCRIPTOMIC,SINGLE,0,0,ILLUMINA,NextSeq 500,SRP535620,PRJNA1166928,,1166928,SRS22773835,SAMN43980213,simple,7227,Drosophila melanogaster,24_bam_hypomorph_6_Mated_wMelcs2a,,,,,female,,no,,,,,CORNELL UNIVERSITY,SRA1981850,,public,349DF291F1D0005AFE93DFBBD7861548,58C3C32D21FB3C0778C344DE82ADE37D
SRR30833079,2024-09-29 22:13:41,2024-09-29 22:11:47,6102334,524800724,0,86,201,,https://sra-downloadb.be-md.ncbi.nlm.nih.gov/sos6/sra-pub-zq-40/SRR030/30833/SRR30833079/SRR30833079.lite.1,SRX26232310,25_bam_hypomorph_3_Unmated_wMelza,RNA-Seq,PolyA,TRANSCRIPTOMIC,SINGLE,0,0,ILLUMINA,NextSeq 500,SRP535620,PRJNA1166928,,1166928,SRS22773836,SAMN43980214,simple,7227,Drosophila melanogaster,25_bam_hypomorph_3_Unmated_wMelza,,,,,female,,no,,,,,CORNELL UNIVERSITY,SRA1981850,,public,ACC4CDA1459EB395EF8226E3C3AA2B2E,5406865A4970961399D71D5C319E9325
SRR30833078,2024-09-29 22:13:44,2024-09-29 22:12:08,11878785,1021575510,0,86,393,,https://sra-downloadb.be-md.ncbi.nlm.nih.gov/sos6/sra-pub-zq-40/SRR030/30833/SRR30833078/SRR30833078.lite.1,SRX26232311,26_bam_hypomorph_3_Unmated_wMel2a,RNA-Seq,PolyA,TRANSCRIPTOMIC,SINGLE,0,0,ILLUMINA,NextSeq 500,SRP535620,PRJNA1166928,,1166928,SRS22773837,SAMN43980215,simple,7227,Drosophila melanogaster,26_bam_hypomorph_3_Unmated_wMel2a,,,,,female,,no,,,,,CORNELL UNIVERSITY,SRA1981850,,public,F800EC978E00990B2C647921A8241EA3,B87A24CA1954081622D451421FE5A1F7
SRR30833077,2024-09-29 22:13:41,2024-09-29 22:11:52,5886546,506242956,0,86,195,,https://sra-downloadb.be-md.ncbi.nlm.nih.gov/sos6/sra-pub-zq-40/SRR030/30833/SRR30833077/SRR30833077.lite.1,SRX26232312,27_bam_hypomorph_3_Unmated_wMel2a,RNA-Seq,PolyA,TRANSCRIPTOMIC,SINGLE,0,0,ILLUMINA,NextSeq 500,SRP535620,PRJNA1166928,,1166928,SRS22773838,SAMN43980216,simple,7227,Drosophila melanogaster,27_bam_hypomorph_3_Unmated_wMel2a,,,,,female,,no,,,,,CORNELL UNIVERSITY,SRA1981850,,public,E9361405966D1BC6C53212343DAF5D28,BC0B595627527D47A328792D15AD2E7C
SRR30833076,2024-09-29 22:13:43,2024-09-29 22:12:05,6232409,535987174,0,86,206,,https://sra-downloadb.be-md.ncbi.nlm.nih.gov/sos6/sra-pub-zq-40/SRR030/30833/SRR30833076/SRR30833076.lite.1,SRX26232313,28_bam_hypomorph_3_Unmated_wMel2a,RNA-Seq,PolyA,TRANSCRIPTOMIC,SINGLE,0,0,ILLUMINA,NextSeq 500,SRP535620,PRJNA1166928,,1166928,SRS22773839,SAMN43980217,simple,7227,Drosophila melanogaster,28_bam_hypomorph_3_Unmated_wMel2a,,,,,female,,no,,,,,CORNELL UNIVERSITY,SRA1981850,,public,13F9E3CA758DD1D216D18A9471DDBF30,AB2B60A21497E41B4E69FFFC97FB90C7
SRR30833075,2024-09-29 22:13:44,2024-09-29 22:12:14,6947320,597469520,0,86,228,,https://sra-downloadb.be-md.ncbi.nlm.nih.gov/sos6/sra-pub-zq-40/SRR030/30833/SRR30833075/SRR30833075.lite.1,SRX26232314,29_bam_hypomorph_3_Mated_wMel2a,RNA-Seq,PolyA,TRANSCRIPTOMIC,SINGLE,0,0,ILLUMINA,NextSeq 500,SRP535620,PRJNA1166928,,1166928,SRS22773840,SAMN43980218,simple,7227,Drosophila melanogaster,29_bam_hypomorph_3_Mated_wMel2a,,,,,female,,no,,,,,CORNELL UNIVERSITY,SRA1981850,,public,7CD4C915167BD081445137FEE7CA2633,BBAA3149826BD4AA1BD21F34944386DC
SRR30833074,2024-09-29 22:13:43,2024-09-29 22:12:09,6634809,570593574,0,86,220,,https://sra-downloadb.be-md.ncbi.nlm.nih.gov/sos6/sra-pub-zq-40/SRR030/30833/SRR30833074/SRR30833074.lite.1,SRX26232315,30_bam_hypomorph_3_Mated_wMel2a,RNA-Seq,PolyA,TRANSCRIPTOMIC,SINGLE,0,0,ILLUMINA,NextSeq 500,SRP535620,PRJNA1166928,,1166928,SRS22773841,SAMN43980219,simple,7227,Drosophila melanogaster,30_bam_hypomorph_3_Mated_wMel2a,,,,,female,,no,,,,,CORNELL UNIVERSITY,SRA1981850,,public,A39F251457C306815CE7565D42459012,5F7C918CAFA72EAD56E0B49BEE553D7D
SRR30833072,2024-09-29 22:13:44,2024-09-29 22:12:10,6521917,560884862,0,86,217,,https://sra-downloadb.be-md.ncbi.nlm.nih.gov/sos6/sra-pub-zq-40/SRR030/30833/SRR30833072/SRR30833072.lite.1,SRX26232317,31_bam_hypomorph_3_Mated_wMel2a,RNA-Seq,PolyA,TRANSCRIPTOMIC,SINGLE,0,0,ILLUMINA,NextSeq 500,SRP535620,PRJNA1166928,,1166928,SRS22773843,SAMN43980220,simple,7227,Drosophila melanogaster,31_bam_hypomorph_3_Mated_wMel2a,,,,,female,,no,,,,,CORNELL UNIVERSITY,SRA1981850,,public,8E40409FEC0DC8C89547CCC6508EAB4E,0EBB7CADE15986B61C9B2AA9C1B2FA2C
SRR30833071,2024-09-29 22:13:38,2024-09-29 22:11:16,4166966,358359076,0,86,138,,https://sra-downloadb.be-md.ncbi.nlm.nih.gov/sos6/sra-pub-zq-40/SRR030/30833/SRR30833071/SRR30833071.lite.1,SRX26232318,32_bam_hypomorph_3_Mated_wMel2a,RNA-Seq,PolyA,TRANSCRIPTOMIC,SINGLE,0,0,ILLUMINA,NextSeq 500,SRP535620,PRJNA1166928,,1166928,SRS22773844,SAMN43980221,simple,7227,Drosophila melanogaster,32_bam_hypomorph_3_Mated_wMel2a,,,,,female,,no,,,,,CORNELL UNIVERSITY,SRA1981850,,public,8ABE060056239633548723B2C838889F,23A5A41C421322455B58C2F6804EC50F
SRR30833070,2024-09-29 22:13:40,2024-09-29 22:11:37,5622209,483509974,0,86,185,,https://sra-downloadb.be-md.ncbi.nlm.nih.gov/sos6/sra-pub-zq-40/SRR030/30833/SRR30833070/SRR30833070.lite.1,SRX26232319,33_bam_hypomorph_6_Mated_wMel2a,RNA-Seq,PolyA,TRANSCRIPTOMIC,SINGLE,0,0,ILLUMINA,NextSeq 500,SRP535620,PRJNA1166928,,1166928,SRS22773845,SAMN43980222,simple,7227,Drosophila melanogaster,33_bam_hypomorph_6_Mated_wMel2a,,,,,female,,no,,,,,CORNELL UNIVERSITY,SRA1981850,,public,AD4519A7FF664E0F546062B6865F09F3,013AF0BB0BF8CB276BB6BFBC525D8178
SRR30833069,2024-09-29 22:13:43,2024-09-29 22:11:53,10004278,860367908,0,86,329,,https://sra-downloadb.be-md.ncbi.nlm.nih.gov/sos6/sra-pub-zq-40/SRR030/30833/SRR30833069/SRR30833069.lite.1,SRX26232320,34_bam_hypomorph_6_Mated_wMel2a,RNA-Seq,PolyA,TRANSCRIPTOMIC,SINGLE,0,0,ILLUMINA,NextSeq 500,SRP535620,PRJNA1166928,,1166928,SRS22773846,SAMN43980223,simple,7227,Drosophila melanogaster,34_bam_hypomorph_6_Mated_wMel2a,,,,,female,,no,,,,,CORNELL UNIVERSITY,SRA1981850,,public,E047621B2165DAF6E2D6D51E92771B70,1CAE95366FED642FF3D7DBBD6AB854D3
SRR30833068,2024-09-29 22:13:41,2024-09-29 22:11:49,5318011,457348946,0,86,175,,https://sra-downloadb.be-md.ncbi.nlm.nih.gov/sos6/sra-pub-zq-40/SRR030/30833/SRR30833068/SRR30833068.lite.1,SRX26232321,35_bam_hypomorph_6_Mated_wMel2a,RNA-Seq,PolyA,TRANSCRIPTOMIC,SINGLE,0,0,ILLUMINA,NextSeq 500,SRP535620,PRJNA1166928,,1166928,SRS22773847,SAMN43980224,simple,7227,Drosophila melanogaster,35_bam_hypomorph_6_Mated_wMel2a,,,,,female,,no,,,,,CORNELL UNIVERSITY,SRA1981850,,public,8859F906DF0A4839C161A128F3373584,5C6243AFEC802C785EA5E3E32E7F1BDE
SRR30833067,2024-09-29 22:13:43,2024-09-29 22:12:06,6175386,531083196,0,86,205,,https://sra-downloadb.be-md.ncbi.nlm.nih.gov/sos6/sra-pub-zq-40/SRR030/30833/SRR30833067/SRR30833067.lite.1,SRX26232322,36_bam_hypomorph_6_Mated_wMel2a,RNA-Seq,PolyA,TRANSCRIPTOMIC,SINGLE,0,0,ILLUMINA,NextSeq 500,SRP535620,PRJNA1166928,,1166928,SRS22773848,SAMN43980225,simple,7227,Drosophila melanogaster,36_bam_hypomorph_6_Mated_wMel2a,,,,,female,,no,,,,,CORNELL UNIVERSITY,SRA1981850,,public,909A190ADA49A8022C5E6A7D07C74E2C,E1565714683B136CE376A824393E5D45
SRR30833066,2024-09-29 22:13:38,2024-09-29 22:11:17,6191397,532460142,0,86,205,,https://sra-downloadb.be-md.ncbi.nlm.nih.gov/sos6/sra-pub-zq-40/SRR030/30833/SRR30833066/SRR30833066.lite.1,SRX26232323,37_WT_3_Unmated_None,RNA-Seq,PolyA,TRANSCRIPTOMIC,SINGLE,0,0,ILLUMINA,NextSeq 500,SRP535620,PRJNA1166928,,1166928,SRS22773849,SAMN43980226,simple,7227,Drosophila melanogaster,37_WT_3_Unmated_None,,,,,female,,no,,,,,CORNELL UNIVERSITY,SRA1981850,,public,03C2F6B3A21C4B9CE115C0450A491A15,AF4E125B62AC43283D69F8EB1C97A0BE
SRR30833065,2024-09-29 22:15:28,2024-09-29 22:12:21,7108615,611340890,0,86,235,,https://sra-downloadb.be-md.ncbi.nlm.nih.gov/sos6/sra-pub-zq-40/SRR030/30833/SRR30833065/SRR30833065.lite.1,SRX26232324,38_WT_3_Unmated_None,RNA-Seq,PolyA,TRANSCRIPTOMIC,SINGLE,0,0,ILLUMINA,NextSeq 500,SRP535620,PRJNA1166928,,1166928,SRS22773850,SAMN43980227,simple,7227,Drosophila melanogaster,38_WT_3_Unmated_None,,,,,female,,no,,,,,CORNELL UNIVERSITY,SRA1981850,,public,D172331CF5350750F6DD1212204FEDD2,D4D2B12EDA947A28E8985B03851CC455
SRR30833064,2024-09-29 22:13:39,2024-09-29 22:11:36,5117112,440071632,0,86,171,,https://sra-downloadb.be-md.ncbi.nlm.nih.gov/sos6/sra-pub-zq-40/SRR030/30833/SRR30833064/SRR30833064.lite.1,SRX26232325,39_WT_3_Unmated_None,RNA-Seq,PolyA,TRANSCRIPTOMIC,SINGLE,0,0,ILLUMINA,NextSeq 500,SRP535620,PRJNA1166928,,1166928,SRS22773851,SAMN43980228,simple,7227,Drosophila melanogaster,39_WT_3_Unmated_None,,,,,female,,no,,,,,CORNELL UNIVERSITY,SRA1981850,,public,10A1D4F8D62647B5E7EA511BAEB01995,D7F73DAC562EF537AC71A2D7D6603D84
SRR30833084,2024-09-29 22:13:42,2024-09-29 22:11:55,5235307,450236402,0,86,173,,https://sra-downloadb.be-md.ncbi.nlm.nih.gov/sos6/sra-pub-zq-40/SRR030/30833/SRR30833084/SRR30833084.lite.1,SRX26232305,3_bam_hypomorph_3_Unmated_wMel3,RNA-Seq,PolyA,TRANSCRIPTOMIC,SINGLE,0,0,ILLUMINA,NextSeq 500,SRP535620,PRJNA1166928,,1166928,SRS22773831,SAMN43980192,simple,7227,Drosophila melanogaster,3_bam_hypomorph_3_Unmated_wMel3,,,,,female,,no,,,,,CORNELL UNIVERSITY,SRA1981850,,public,5D4DA7217F7AC64E5A555D49F8F02CF5,469119D98E2B432EE8C36A4B4E7D06BC
SRR30833063,2024-09-29 22:13:42,2024-09-29 22:11:50,6464113,555913718,0,86,215,,https://sra-downloadb.be-md.ncbi.nlm.nih.gov/sos6/sra-pub-zq-40/SRR030/30833/SRR30833063/SRR30833063.lite.1,SRX26232326,40_WT_3_Unmated_None,RNA-Seq,PolyA,TRANSCRIPTOMIC,SINGLE,0,0,ILLUMINA,NextSeq 500,SRP535620,PRJNA1166928,,1166928,SRS22773852,SAMN43980229,simple,7227,Drosophila melanogaster,40_WT_3_Unmated_None,,,,,female,,no,,,,,CORNELL UNIVERSITY,SRA1981850,,public,2FC41C7D5E18ABD61A2CE39A57036DBC,B2A9D1C11F026D17816051201F04AEDC
SRR30833061,2024-09-29 22:13:39,2024-09-29 22:10:47,37693,3241598,0,86,1,,https://sra-downloadb.be-md.ncbi.nlm.nih.gov/sos6/sra-pub-zq-40/SRR030/30833/SRR30833061/SRR30833061.lite.1,SRX26232328,41_WT_3_Mated_None,RNA-Seq,PolyA,TRANSCRIPTOMIC,SINGLE,0,0,ILLUMINA,NextSeq 500,SRP535620,PRJNA1166928,,1166928,SRS22773854,SAMN43980230,simple,7227,Drosophila melanogaster,41_WT_3_Mated_None,,,,,female,,no,,,,,CORNELL UNIVERSITY,SRA1981850,,public,92BEE791679C0227FF43FC7D53E3E47C,A71D3D4FF509F3D6A7AB946F94A94F04
SRR30833060,2024-09-29 22:13:39,2024-09-29 22:11:01,133076,11444536,0,86,4,,https://sra-downloadb.be-md.ncbi.nlm.nih.gov/sos6/sra-pub-zq-40/SRR030/30833/SRR30833060/SRR30833060.lite.1,SRX26232329,42_WT_3_Mated_None,RNA-Seq,PolyA,TRANSCRIPTOMIC,SINGLE,0,0,ILLUMINA,NextSeq 500,SRP535620,PRJNA1166928,,1166928,SRS22773855,SAMN43980231,simple,7227,Drosophila melanogaster,42_WT_3_Mated_None,,,,,female,,no,,,,,CORNELL UNIVERSITY,SRA1981850,,public,7F2D4757FF6506570AD4265F300B20A4,B70E48998EACC2730889AF5C8827C127
SRR30833059,2024-09-29 22:13:40,2024-09-29 22:11:25,6111280,525570080,0,86,204,,https://sra-downloadb.be-md.ncbi.nlm.nih.gov/sos6/sra-pub-zq-40/SRR030/30833/SRR30833059/SRR30833059.lite.1,SRX26232330,43_WT_3_Mated_None,RNA-Seq,PolyA,TRANSCRIPTOMIC,SINGLE,0,0,ILLUMINA,NextSeq 500,SRP535620,PRJNA1166928,,1166928,SRS22773856,SAMN43980232,simple,7227,Drosophila melanogaster,43_WT_3_Mated_None,,,,,female,,no,,,,,CORNELL UNIVERSITY,SRA1981850,,public,907DDF943C16694C00DB99477E296ED9,98D5CDFF160679BEA10D8B6A0EA39A66
SRR30833058,2024-09-29 22:13:40,2024-09-29 22:11:32,6023612,518030632,0,86,202,,https://sra-downloadb.be-md.ncbi.nlm.nih.gov/sos6/sra-pub-zq-40/SRR030/30833/SRR30833058/SRR30833058.lite.1,SRX26232331,44_WT_3_Mated_None,RNA-Seq,PolyA,TRANSCRIPTOMIC,SINGLE,0,0,ILLUMINA,NextSeq 500,SRP535620,PRJNA1166928,,1166928,SRS22773857,SAMN43980233,simple,7227,Drosophila melanogaster,44_WT_3_Mated_None,,,,,female,,no,,,,,CORNELL UNIVERSITY,SRA1981850,,public,A1BBE0C7DDE50B76598B40EDE31EF285,0D6696B63FD64AE7CD8D20B943654D92
SRR30833057,2024-09-29 22:13:41,2024-09-29 22:11:50,6198789,533095854,0,86,207,,https://sra-downloadb.be-md.ncbi.nlm.nih.gov/sos6/sra-pub-zq-40/SRR030/30833/SRR30833057/SRR30833057.lite.1,SRX26232332,45_WT_6_Mated_None,RNA-Seq,PolyA,TRANSCRIPTOMIC,SINGLE,0,0,ILLUMINA,NextSeq 500,SRP535620,PRJNA1166928,,1166928,SRS22773858,SAMN43980234,simple,7227,Drosophila melanogaster,45_WT_6_Mated_None,,,,,female,,no,,,,,CORNELL UNIVERSITY,SRA1981850,,public,700D9C57077EE7323B54A61BA1C5A07D,25A32E5913A5E40B311BD35CF36D76C4
SRR30833073,2024-09-29 22:15:28,2024-09-29 22:12:19,7974483,685805538,0,86,265,,https://sra-downloadb.be-md.ncbi.nlm.nih.gov/sos6/sra-pub-zq-40/SRR030/30833/SRR30833073/SRR30833073.lite.1,SRX26232316,4_bam_hypomorph_3_Unmated_wMel3,RNA-Seq,PolyA,TRANSCRIPTOMIC,SINGLE,0,0,ILLUMINA,NextSeq 500,SRP535620,PRJNA1166928,,1166928,SRS22773842,SAMN43980193,simple,7227,Drosophila melanogaster,4_bam_hypomorph_3_Unmated_wMel3,,,,,female,,no,,,,,CORNELL UNIVERSITY,SRA1981850,,public,050CA90B2770B3816AF7D2F58C5E78EB,0BFADE7961BAD18F71089224AECF013B
SRR30833062,2024-09-29 22:15:28,2024-09-29 22:13:02,12724845,1094336670,0,86,422,,https://sra-downloadb.be-md.ncbi.nlm.nih.gov/sos6/sra-pub-zq-40/SRR030/30833/SRR30833062/SRR30833062.lite.1,SRX26232327,5_bam_hypomorph_3_Mated_wMel3,RNA-Seq,PolyA,TRANSCRIPTOMIC,SINGLE,0,0,ILLUMINA,NextSeq 500,SRP535620,PRJNA1166928,,1166928,SRS22773853,SAMN43980194,simple,7227,Drosophila melanogaster,5_bam_hypomorph_3_Mated_wMel3,,,,,female,,no,,,,,CORNELL UNIVERSITY,SRA1981850,,public,927271DF88441FA6E5A90559E4190016,9B193BCD9ACCC21125640F7B863C9A77
SRR30833112,2024-09-29 22:15:28,2024-09-29 22:12:19,6224350,535294100,0,86,212,,https://sra-downloadb.be-md.ncbi.nlm.nih.gov/sos6/sra-pub-zq-40/SRR030/30833/SRR30833112/SRR30833112.lite.1,SRX26232277,101_WT_3_Mated_wMel2a,RNA-Seq,PolyA,TRANSCRIPTOMIC,SINGLE,0,0,ILLUMINA,NextSeq 500,SRP535620,PRJNA1166928,,1166928,SRS22773803,SAMN43980290,simple,7227,Drosophila melanogaster,101_WT_3_Mated_wMel2a,,,,,female,,no,,,,,CORNELL UNIVERSITY,SRA1981850,,public,1707D26EFD58A8E0B72305696A3C0F68,829BAB38FDB1E4C53C390F7B818D5CB0
SRR30833111,2024-09-29 22:13:40,2024-09-29 22:11:41,6507855,559675530,0,86,225,,https://sra-downloadb.be-md.ncbi.nlm.nih.gov/sos6/sra-pub-zq-40/SRR030/30833/SRR30833111/SRR30833111.lite.1,SRX26232278,102_WT_3_Mated_wMel2a,RNA-Seq,PolyA,TRANSCRIPTOMIC,SINGLE,0,0,ILLUMINA,NextSeq 500,SRP535620,PRJNA1166928,,1166928,SRS22773804,SAMN43980291,simple,7227,Drosophila melanogaster,102_WT_3_Mated_wMel2a,,,,,female,,no,,,,,CORNELL UNIVERSITY,SRA1981850,,public,4047AEF2C3E9355935932B1792A604E8,1E0783E961FF200692AB9007E97D0410
SRR30833110,2024-09-29 22:13:41,2024-09-29 22:11:49,6483966,557621076,0,86,223,,https://sra-downloadb.be-md.ncbi.nlm.nih.gov/sos6/sra-pub-zq-40/SRR030/30833/SRR30833110/SRR30833110.lite.1,SRX26232279,103_WT_3_Mated_wMel2a,RNA-Seq,PolyA,TRANSCRIPTOMIC,SINGLE,0,0,ILLUMINA,NextSeq 500,SRP535620,PRJNA1166928,,1166928,SRS22773805,SAMN43980292,simple,7227,Drosophila melanogaster,103_WT_3_Mated_wMel2a,,,,,female,,no,,,,,CORNELL UNIVERSITY,SRA1981850,,public,A77FA1FD63F2289905B2B8F58F6221A6,052A576BCB0CB9094090D99A31835C9C
SRR30833109,2024-09-29 22:13:38,2024-09-29 22:11:15,7037578,605231708,0,86,242,,https://sra-downloadb.be-md.ncbi.nlm.nih.gov/sos6/sra-pub-zq-40/SRR030/30833/SRR30833109/SRR30833109.lite.1,SRX26232280,104_WT_3_Mated_wMel2a,RNA-Seq,PolyA,TRANSCRIPTOMIC,SINGLE,0,0,ILLUMINA,NextSeq 500,SRP535620,PRJNA1166928,,1166928,SRS22773806,SAMN43980293,simple,7227,Drosophila melanogaster,104_WT_3_Mated_wMel2a,,,,,female,,no,,,,,CORNELL UNIVERSITY,SRA1981850,,public,6C2A535A2DD1E8ECD2C30FF5D1EC6C50,BEDE8CD60C22DA33582E5458CE0CE55F
SRR30833108,2024-09-29 22:13:44,2024-09-29 22:11:45,6858117,589798062,0,86,236,,https://sra-downloadb.be-md.ncbi.nlm.nih.gov/sos6/sra-pub-zq-40/SRR030/30833/SRR30833108/SRR30833108.lite.1,SRX26232281,105_WT_6_Mated_wMel2a,RNA-Seq,PolyA,TRANSCRIPTOMIC,SINGLE,0,0,ILLUMINA,NextSeq 500,SRP535620,PRJNA1166928,,1166928,SRS22773807,SAMN43980294,simple,7227,Drosophila melanogaster,105_WT_6_Mated_wMel2a,,,,,female,,no,,,,,CORNELL UNIVERSITY,SRA1981850,,public,E26969DAF492C234F90DB6B3BEE8760A,A7CE90B534CD5CA13817CC43E6DB233C
SRR30833107,2024-09-29 22:13:42,2024-09-29 22:11:48,7379040,634597440,0,86,254,,https://sra-downloadb.be-md.ncbi.nlm.nih.gov/sos6/sra-pub-zq-40/SRR030/30833/SRR30833107/SRR30833107.lite.1,SRX26232282,106_WT_6_Mated_wMel2a,RNA-Seq,PolyA,TRANSCRIPTOMIC,SINGLE,0,0,ILLUMINA,NextSeq 500,SRP535620,PRJNA1166928,,1166928,SRS22773808,SAMN43980295,simple,7227,Drosophila melanogaster,106_WT_6_Mated_wMel2a,,,,,female,,no,,,,,CORNELL UNIVERSITY,SRA1981850,,public,95203B77C1E54E5BB69BD621462B3544,A8FC1C1C20B298D42CA71082D65BAAB9
SRR30833106,2024-09-29 22:13:41,2024-09-29 22:11:46,6342499,545454914,0,86,218,,https://sra-downloadb.be-md.ncbi.nlm.nih.gov/sos6/sra-pub-zq-40/SRR030/30833/SRR30833106/SRR30833106.lite.1,SRX26232283,107_WT_6_Mated_wMel2a,RNA-Seq,PolyA,TRANSCRIPTOMIC,SINGLE,0,0,ILLUMINA,NextSeq 500,SRP535620,PRJNA1166928,,1166928,SRS22773809,SAMN43980296,simple,7227,Drosophila melanogaster,107_WT_6_Mated_wMel2a,,,,,female,,no,,,,,CORNELL UNIVERSITY,SRA1981850,,public,35793E9CEE1002E54690F7F73D060A7A,BAA2CDEF1C2655F58DF40940E9D03F6C
SRR30833105,2024-09-29 22:13:42,2024-09-29 22:11:48,7078959,608790474,0,86,242,,https://sra-downloadb.be-md.ncbi.nlm.nih.gov/sos6/sra-pub-zq-40/SRR030/30833/SRR30833105/SRR30833105.lite.1,SRX26232284,108_WT_6_Mated_wMel2a,RNA-Seq,PolyA,TRANSCRIPTOMIC,SINGLE,0,0,ILLUMINA,NextSeq 500,SRP535620,PRJNA1166928,,1166928,SRS22773810,SAMN43980297,simple,7227,Drosophila melanogaster,108_WT_6_Mated_wMel2a,,,,,female,,no,,,,,CORNELL UNIVERSITY,SRA1981850,,public,D543486BD9B98DD287B73E21163BC708,9CB2D497E9A8F72528027176891A8A63
SRR30833104,2024-09-29 22:13:38,2024-09-29 22:11:07,4613796,396786456,0,86,157,,https://sra-downloadb.be-md.ncbi.nlm.nih.gov/sos6/sra-pub-zq-40/SRR030/30833/SRR30833104/SRR30833104.lite.1,SRX26232285,109_WT_3_Unmated_wMelcs2b,RNA-Seq,PolyA,TRANSCRIPTOMIC,SINGLE,0,0,ILLUMINA,NextSeq 500,SRP535620,PRJNA1166928,,1166928,SRS22773811,SAMN43980298,simple,7227,Drosophila melanogaster,109_WT_3_Unmated_wMelcs2b,,,,,female,,no,,,,,CORNELL UNIVERSITY,SRA1981850,,public,3F077B5E4E261F220508D4E1C86C8468,A05E6C293E405B5970C5F85216643F8C
SRR30833103,2024-09-29 22:13:40,2024-09-29 22:11:39,5664669,487161534,0,86,196,,https://sra-downloadb.be-md.ncbi.nlm.nih.gov/sos6/sra-pub-zq-40/SRR030/30833/SRR30833103/SRR30833103.lite.1,SRX26232286,110_WT_3_Unmated_wMelcs2b,RNA-Seq,PolyA,TRANSCRIPTOMIC,SINGLE,0,0,ILLUMINA,NextSeq 500,SRP535620,PRJNA1166928,,1166928,SRS22773812,SAMN43980299,simple,7227,Drosophila melanogaster,110_WT_3_Unmated_wMelcs2b,,,,,female,,no,,,,,CORNELL UNIVERSITY,SRA1981850,,public,31515CC63D0C6529A5CE967BF6B2D78F,4B69F91B91C0557B3A4E5389C0EDA336
SRR30833101,2024-09-29 22:13:43,2024-09-29 22:11:48,7731592,664916912,0,86,266,,https://sra-downloadb.be-md.ncbi.nlm.nih.gov/sos6/sra-pub-zq-40/SRR030/30833/SRR30833101/SRR30833101.lite.1,SRX26232288,111_WT_3_Unmated_wMelcs2b,RNA-Seq,PolyA,TRANSCRIPTOMIC,SINGLE,0,0,ILLUMINA,NextSeq 500,SRP535620,PRJNA1166928,,1166928,SRS22773814,SAMN43980300,simple,7227,Drosophila melanogaster,111_WT_3_Unmated_wMelcs2b,,,,,female,,no,,,,,CORNELL UNIVERSITY,SRA1981850,,public,136481698F053A25142A9014C77031FC,7A269A7199F2F08D7358093F0B6B4AB5
SRR30833100,2024-09-29 22:13:39,2024-09-29 22:11:27,5128124,441018664,0,86,177,,https://sra-downloadb.be-md.ncbi.nlm.nih.gov/sos6/sra-pub-zq-40/SRR030/30833/SRR30833100/SRR30833100.lite.1,SRX26232289,112_WT_3_Mated_wMelcs2b,RNA-Seq,PolyA,TRANSCRIPTOMIC,SINGLE,0,0,ILLUMINA,NextSeq 500,SRP535620,PRJNA1166928,,1166928,SRS22773815,SAMN43980301,simple,7227,Drosophila melanogaster,112_WT_3_Mated_wMelcs2b,,,,,female,,no,,,,,CORNELL UNIVERSITY,SRA1981850,,public,37A834C213326F65B613E58D0928D64B,A519B4B6B1861EC83EB96EEA527D734A
SRR30833099,2024-09-29 22:13:41,2024-09-29 22:11:44,5267893,453038798,0,86,182,,https://sra-downloadb.be-md.ncbi.nlm.nih.gov/sos6/sra-pub-zq-40/SRR030/30833/SRR30833099/SRR30833099.lite.1,SRX26232290,113_WT_3_Mated_wMelcs2b,RNA-Seq,PolyA,TRANSCRIPTOMIC,SINGLE,0,0,ILLUMINA,NextSeq 500,SRP535620,PRJNA1166928,,1166928,SRS22773816,SAMN43980302,simple,7227,Drosophila melanogaster,113_WT_3_Mated_wMelcs2b,,,,,female,,no,,,,,CORNELL UNIVERSITY,SRA1981850,,public,A1677A5179D2F6B5E9CF70DDD967A75A,0A29F193D27791DE0FA48274E24F7461
SRR30833098,2024-09-29 22:13:37,2024-09-29 22:11:14,4853892,417434712,0,86,168,,https://sra-downloadb.be-md.ncbi.nlm.nih.gov/sos6/sra-pub-zq-40/SRR030/30833/SRR30833098/SRR30833098.lite.1,SRX26232291,114_WT_3_Mated_wMelcs2b,RNA-Seq,PolyA,TRANSCRIPTOMIC,SINGLE,0,0,ILLUMINA,NextSeq 500,SRP535620,PRJNA1166928,,1166928,SRS22773817,SAMN43980303,simple,7227,Drosophila melanogaster,114_WT_3_Mated_wMelcs2b,,,,,female,,no,,,,,CORNELL UNIVERSITY,SRA1981850,,public,E0C608CCFCE0EE7FE81CE09D07F508E1,ED3AF5E9D8C1EF358AF87D6E19D9D606
SRR30833097,2024-09-29 22:13:38,2024-09-29 22:11:07,4537365,390213390,0,86,157,,https://sra-downloadb.be-md.ncbi.nlm.nih.gov/sos6/sra-pub-zq-40/SRR030/30833/SRR30833097/SRR30833097.lite.1,SRX26232292,115_WT_3_Mated_wMelcs2b,RNA-Seq,PolyA,TRANSCRIPTOMIC,SINGLE,0,0,ILLUMINA,NextSeq 500,SRP535620,PRJNA1166928,,1166928,SRS22773818,SAMN43980304,simple,7227,Drosophila melanogaster,115_WT_3_Mated_wMelcs2b,,,,,female,,no,,,,,CORNELL UNIVERSITY,SRA1981850,,public,3BCF757F3F76C2D4A41B9E26C8D78A24,2F600E9553BE24AAB68CC52787D80E4E
SRR30833113,2024-09-29 22:13:43,2024-09-29 22:11:48,6486754,557860844,0,86,214,,https://sra-downloadb.be-md.ncbi.nlm.nih.gov/sos6/sra-pub-zq-40/SRR030/30833/SRR30833113/SRR30833113.lite.1,SRX26232276,11_bam_hypomorph_6_Mated_wMel3,RNA-Seq,PolyA,TRANSCRIPTOMIC,SINGLE,0,0,ILLUMINA,NextSeq 500,SRP535620,PRJNA1166928,,1166928,SRS22773802,SAMN43980200,simple,7227,Drosophila melanogaster,11_bam_hypomorph_6_Mated_wMel3,,,,,female,,no,,,,,CORNELL UNIVERSITY,SRA1981850,,public,6047124A227A7698FD6195A58F87DA29,8D0DC5701AC362FA24F121B7EB6CC8A1
SRR30833102,2024-09-29 22:13:40,2024-09-29 22:11:44,6176361,531167046,0,86,204,,https://sra-downloadb.be-md.ncbi.nlm.nih.gov/sos6/sra-pub-zq-40/SRR030/30833/SRR30833102/SRR30833102.lite.1,SRX26232287,12_bam_hypomorph_6_Mated_wMel3,RNA-Seq,PolyA,TRANSCRIPTOMIC,SINGLE,0,0,ILLUMINA,NextSeq 500,SRP535620,PRJNA1166928,,1166928,SRS22773813,SAMN43980201,simple,7227,Drosophila melanogaster,12_bam_hypomorph_6_Mated_wMel3,,,,,female,,no,,,,,CORNELL UNIVERSITY,SRA1981850,,public,318053E0032F889CCB4A6D5D2A809BDB,F0979955F8627C0CCEEF54A9F483CD0A
SRR30833115,2024-09-29 22:13:40,2024-09-29 22:11:40,6114454,525843044,0,86,203,,https://sra-downloadb.be-md.ncbi.nlm.nih.gov/sos6/sra-pub-zq-40/SRR030/30833/SRR30833115/SRR30833115.lite.1,SRX26232274,1_bam_hypomorph_3_Unmated_wMel3,RNA-Seq,PolyA,TRANSCRIPTOMIC,SINGLE,0,0,ILLUMINA,NextSeq 500,SRP535620,PRJNA1166928,,1166928,SRS22773800,SAMN43980190,simple,7227,Drosophila melanogaster,1_bam_hypomorph_3_Unmated_wMel3,,,,,female,,no,,,,,CORNELL UNIVERSITY,SRA1981850,,public,36790F4614C0A380E7651F40507C2BAE,E607E17971799DDB872839202554B20F
SRR30833114,2024-09-29 22:15:28,2024-09-29 22:12:28,13999228,1203933608,0,86,465,,https://sra-downloadb.be-md.ncbi.nlm.nih.gov/sos6/sra-pub-zq-40/SRR030/30833/SRR30833114/SRR30833114.lite.1,SRX26232275,2_bam_hypomorph_3_Unmated_wMel3,RNA-Seq,PolyA,TRANSCRIPTOMIC,SINGLE,0,0,ILLUMINA,NextSeq 500,SRP535620,PRJNA1166928,,1166928,SRS22773801,SAMN43980191,simple,7227,Drosophila melanogaster,2_bam_hypomorph_3_Unmated_wMel3,,,,,female,,no,,,,,CORNELL UNIVERSITY,SRA1981850,,public,E6D3F43190291BE8CA2B8A5F26277BDD,C45795E1D71D44DA0F02FD9A27417AC8
